rank,ts_code,name,trade_date,update_time,price,pct_chg,pre_day_limitup,today_limitup,sector_name,sector_strength_score,stock_strength_score,acceptance_score,momentum_score,capital_score,risk_penalty_score,p_limitup_t1,wp_score,model_confidence,signal_level,core_reason,risk_reason,next_trade_date,label_t1_limitup,next_high,next_up_limit,backtest_trade_date
1,000783.SZ,长江证券,20260701,2026-07-01,10.54,8.1026,0,0,证券,97.16113868614315,85.71712857142856,67.1512028571428,44.5643,100.0,55.3,97.14544691605556,68.25209919817742,75.11500000000001,C级,所属板块强度靠前，个股涨幅和量价强度较高，收盘位置较好且资金承接较强。,当前主要风险可控，但次日仍需观察板块延续性。,20260702,0,10.65,11.59,20260701
2,000629.SZ,钒钛股份,20260701,2026-07-01,3.55,6.2874,0,0,小金属,100.0,79.07846666666666,54.75750666666665,34.5807,100.0,56.80000000000001,94.49464566952214,63.159187999999986,74.44,C级,所属板块强度靠前，个股涨幅和量价强度较高。,当前主要风险可控，但次日仍需观察板块延续性。,20260702,0,3.65,3.91,20260701
3,000776.SZ,广发证券,20260701,2026-07-01,24.86,6.2393,0,0,证券,97.16113868614315,72.7677050420168,57.78401109243696,34.31615,100.0,55.3,93.84471245571046,61.78299542966214,75.11500000000001,C级,所属板块强度靠前，个股涨幅和量价强度较高。,当前主要风险可控，但次日仍需观察板块延续性。,20260702,0,24.9,27.35,20260701
4,000534.SZ,万泽股份,20260701,2026-07-01,29.36,7.3099,0,0,生物制药,24.20745960376665,85.23762535885166,55.956315789473635,40.20445,100.0,57.73301435406702,70.69496423896324,42.916765456887546,74.02014354066984,C级,个股涨幅和量价强度较高。,当前主要风险可控，但次日仍需观察板块延续性。,20260702,0,31.68,32.3,20260701
5,000059.SZ,华锦股份,20260701,2026-07-01,4.06,8.2667,0,0,石油加工,0.0,95.99713255813953,61.84187162790694,45.46685,88.43500873457585,55.3,65.25623032405173,39.50944884316101,75.11500000000001,C级,个股涨幅和量价强度较高。,当前主要风险可控，但次日仍需观察板块延续性。,20260702,0,4.23,4.47,20260701
6,000703.SZ,恒逸石化,20260701,2026-07-01,14.64,7.885,0,0,化纤,0.0,85.76174698795182,64.77544337349401,43.36749999999999,100.0,55.3,60.89328879813659,37.9428593632926,75.11500000000001,C级,个股涨幅和量价强度较高。,当前主要风险可控，但次日仍需观察板块延续性。,20260702,0,15.35,16.1,20260701
7,000526.SZ,学大教育,20260701,2026-07-01,27.29,7.5256,0,0,文教休闲,0.0,86.4512754716981,63.293686037735846,41.3908,90.50164648331778,55.3,58.395342486832114,37.02806013802942,75.11500000000001,C级,个股涨幅和量价强度较高。,当前主要风险可控，但次日仍需观察板块延续性。,20260702,0,27.7,30.02,20260701
8,000782.SZ,恒申新材,20260701,2026-07-01,8.6,6.4356,0,0,化纤,0.0,73.99714520547943,67.51563945205474,35.3958,100.0,55.3,52.25201566174027,34.85932995820417,75.11500000000001,C级,个股涨幅和量价强度较高，收盘位置较好且资金承接较强。,当前主要风险可控，但次日仍需观察板块延续性。,20260702,0,8.53,9.46,20260701
9,000422.SZ,湖北宜化,20260701,2026-07-01,15.05,7.1174,0,0,农药化肥,0.0,81.05180000000001,62.073960000000035,39.1457,100.0,55.3,51.78239451899513,35.11364227522937,75.11500000000001,C级,个股涨幅和量价强度较高。,当前主要风险可控，但次日仍需观察板块延续性。,20260702,0,15.19,16.56,20260701
10,000688.SZ,国城矿业,20260701,2026-07-01,36.65,7.0698,0,0,铅锌,0.0,76.51526666666663,56.377146666666604,38.8839,100.0,55.3,47.61700376328012,33.514510999999985,75.11500000000001,C级,个股涨幅和量价强度较高。,当前主要风险可控，但次日仍需观察板块延续性。,20260702,0,37.8,40.32,20260701
11,000593.SZ,德龙汇能,20260701,2026-07-01,22.67,6.0337,0,0,供气供热,0.0,67.37107857142857,59.43619285714287,33.18535,99.82792862888365,55.3,40.88011744600087,31.158306520523833,75.11500000000001,C级,满足涨幅和非涨停过滤条件，综合评分进入候选排序。,当前主要风险可控，但次日仍需观察板块延续性。,20260702,0,24.08,24.94,20260701
12,000501.SZ,武商集团,20260701,2026-07-01,7.12,6.4275,0,0,百货,0.0,77.26107142857143,50.59973714285713,35.35125,87.08206071402432,57.228571428571435,40.31389434693533,31.070100568377768,74.24714285714285,C级,个股涨幅和量价强度较高。,当前主要风险可控，但次日仍需观察板块延续性。,20260702,0,7.25,7.83,20260701
13,001399.SZ,C惠科股份,20260701,2026-07-01,46.28,21.2153,0,0,元器件,100.0,100.0,100.0,100.0,100.0,55.3,,,75.11500000000001,D级,所属板块强度靠前，个股涨幅和量价强度较高，收盘位置较好且资金承接较强，短线动量保持向上。,当前主要风险可控，但次日仍需观察板块延续性。,20260702,0,52.0,999999.999,20260701
14,301421.SZ,波长光电,20260701,2026-07-01,121.0,16.8518,0,0,元器件,100.0,100.0,100.0,92.6849,100.0,55.3,,,75.11500000000001,D级,所属板块强度靠前，个股涨幅和量价强度较高，收盘位置较好且资金承接较强，短线动量保持向上。,当前主要风险可控，但次日仍需观察板块延续性。,20260702,0,117.0,145.2,20260701
15,688721.SH,龙图光罩,20260701,2026-07-01,69.24,18.6023,0,0,半导体,100.0,100.0,100.0,100.0,100.0,55.3,,,75.11500000000001,D级,所属板块强度靠前，个股涨幅和量价强度较高，收盘位置较好且资金承接较强，短线动量保持向上。,当前主要风险可控，但次日仍需观察板块延续性。,20260702,0,65.78,83.09,20260701
16,920222.BJ,益坤电气,20260701,2026-07-01,39.25,8.5153,0,0,电气设备,100.0,81.34923836477988,100.0,46.834149999999994,100.0,62.06415094339622,,,72.0711320754717,D级,所属板块强度靠前，个股涨幅和量价强度较高，收盘位置较好且资金承接较强。,当前主要风险可控，但次日仍需观察板块延续性。,20260702,0,36.1,51.02,20260701
17,688689.SH,银河微电,20260701,2026-07-01,77.5,19.7466,0,0,半导体,100.0,100.0,90.50310559006212,100.0,100.0,55.3,,,75.11500000000001,D级,所属板块强度靠前，个股涨幅和量价强度较高，收盘位置较好且资金承接较强，短线动量保持向上。,当前主要风险可控，但次日仍需观察板块延续性。,20260702,0,85.06,93.0,20260701
18,300319.SZ,麦捷科技,20260701,2026-07-01,31.8,7.3237,0,0,元器件,100.0,83.7494687732342,90.02757130111524,40.28035,100.0,55.3,,,75.11500000000001,D级,所属板块强度靠前，个股涨幅和量价强度较高，收盘位置较好且资金承接较强。,当前主要风险可控，但次日仍需观察板块延续性。,20260702,0,30.43,38.16,20260701
19,688797.SH,臻宝科技,20260701,2026-07-01,742.18,7.5452,0,0,半导体,100.0,72.86204885496183,88.91002748091601,41.498599999999996,100.0,61.661832061068715,,,72.25217557251908,D级,所属板块强度靠前，个股涨幅和量价强度较高，收盘位置较好且资金承接较强。,当前主要风险可控，但次日仍需观察板块延续性。,20260702,0,740.0,890.62,20260701
20,688811.SH,有研复材,20260701,2026-07-01,33.06,6.6452,0,0,小金属,100.0,79.8051197231834,85.73486339100349,36.5486,100.0,55.3,,,75.11500000000001,D级,所属板块强度靠前，个股涨幅和量价强度较高，收盘位置较好且资金承接较强。,当前主要风险可控，但次日仍需观察板块延续性。,20260702,0,32.98,39.67,20260701
21,300323.SZ,华灿光电,20260701,2026-07-01,22.14,8.5294,0,0,半导体,100.0,92.2673770609319,84.62834953405019,46.9117,100.0,55.3,,,75.11500000000001,D级,所属板块强度靠前，个股涨幅和量价强度较高，收盘位置较好且资金承接较强。,当前主要风险可控，但次日仍需观察板块延续性。,20260702,0,22.7,26.57,20260701
22,300566.SZ,激智科技,20260701,2026-07-01,42.24,14.3166,0,0,元器件,100.0,100.0,83.850390125523,78.7413,100.0,55.3,,,75.11500000000001,D级,所属板块强度靠前，个股涨幅和量价强度较高，收盘位置较好且资金承接较强，短线动量保持向上。,当前主要风险可控，但次日仍需观察板块延续性。,20260702,0,41.5,50.69,20260701
23,301373.SZ,凌玮科技,20260701,2026-07-01,165.38,6.3537,0,0,化工原料,100.0,76.11900626702996,83.6886737874659,34.94535,100.0,55.3,,,75.11500000000001,D级,所属板块强度靠前，个股涨幅和量价强度较高，收盘位置较好且资金承接较强。,当前主要风险可控，但次日仍需观察板块延续性。,20260702,0,156.88,198.46,20260701
24,300801.SZ,泰和科技,20260701,2026-07-01,35.45,9.7523,0,0,化工原料,100.0,100.0,81.99109692307695,53.63765,100.0,55.3,,,75.11500000000001,D级,所属板块强度靠前，个股涨幅和量价强度较高，收盘位置较好且资金承接较强。,当前主要风险可控，但次日仍需观察板块延续性。,20260702,0,36.12,42.54,20260701
25,301592.SZ,六九一二,20260701,2026-07-01,145.56,9.9811,0,0,软件服务,100.0,100.0,81.96396923076922,54.896049999999995,100.0,55.3,,,75.11500000000001,D级,所属板块强度靠前，个股涨幅和量价强度较高，收盘位置较好且资金承接较强。,当前主要风险可控，但次日仍需观察板块延续性。,20260702,0,146.29,174.67,20260701
26,603629.SH,利通电子,20260701,2026-07-01,193.4,8.1595,0,0,元器件,100.0,89.6365,81.23140000000001,44.877250000000004,100.0,55.3,,,75.11500000000001,D级,所属板块强度靠前，个股涨幅和量价强度较高，收盘位置较好且资金承接较强。,当前主要风险可控，但次日仍需观察板块延续性。,20260702,0,185.99,212.74,20260701
27,920249.BJ,利尔达,20260701,2026-07-01,11.03,6.3645,0,0,元器件,100.0,74.12119696969694,81.14277333333328,35.00475,100.0,55.3,,,75.11500000000001,D级,所属板块强度靠前，个股涨幅和量价强度较高，收盘位置较好且资金承接较强。,当前主要风险可控，但次日仍需观察板块延续性。,20260702,0,10.67,14.33,20260701
28,300584.SZ,海辰药业,20260701,2026-07-01,39.0,7.6456,0,0,化学制药,100.0,86.0392,80.2042,42.0508,100.0,0.0,,,95.0,D级,所属板块强度靠前，个股涨幅和量价强度较高，收盘位置较好且资金承接较强。,当前主要风险可控，但次日仍需观察板块延续性。,20260702,0,39.89,46.8,20260701
29,688549.SH,中巨芯,20260701,2026-07-01,40.6,10.2961,0,0,元器件,100.0,100.0,80.17035774954633,56.62855,100.0,55.3,,,75.11500000000001,D级,所属板块强度靠前，个股涨幅和量价强度较高，收盘位置较好且资金承接较强。,当前主要风险可控，但次日仍需观察板块延续性。,20260702,0,44.0,48.72,20260701
30,688207.SH,格灵深瞳,20260701,2026-07-01,22.59,12.3881,0,0,软件服务,100.0,100.0,78.65660459016391,68.13455,100.0,55.3,,,75.11500000000001,D级,所属板块强度靠前，个股涨幅和量价强度较高，收盘位置较好且资金承接较强，短线动量保持向上。,当前主要风险可控，但次日仍需观察板块延续性。,20260702,0,24.5,27.11,20260701
31,300560.SZ,中富通,20260701,2026-07-01,21.84,14.6457,0,0,通信设备,100.0,100.0,78.52996174386924,80.55135,100.0,55.3,,,75.11500000000001,D级,所属板块强度靠前，个股涨幅和量价强度较高，收盘位置较好且资金承接较强，短线动量保持向上。,当前主要风险可控，但次日仍需观察板块延续性。,20260702,0,22.37,26.21,20260701
32,300174.SZ,元力股份,20260701,2026-07-01,31.51,7.8371,0,0,化工原料,100.0,86.16252973621104,78.39458541966428,43.10405,100.0,55.3,,,75.11500000000001,D级,所属板块强度靠前，个股涨幅和量价强度较高，收盘位置较好且资金承接较强。,当前主要风险可控，但次日仍需观察板块延续性。,20260702,0,33.9,37.81,20260701
33,300752.SZ,隆利科技,20260701,2026-07-01,14.8,9.8738,0,0,元器件,100.0,100.0,76.9963919266055,54.305899999999994,100.0,55.3,,,75.11500000000001,D级,所属板块强度靠前，个股涨幅和量价强度较高，收盘位置较好且资金承接较强。,当前主要风险可控，但次日仍需观察板块延续性。,20260702,0,15.1,17.76,20260701
34,920367.BJ,新赣江,20260701,2026-07-01,24.22,8.0285,0,0,化学制药,100.0,82.55949999999999,76.90392,44.156749999999995,100.0,4.500000000000006,,,95.0,D级,所属板块强度靠前，个股涨幅和量价强度较高，收盘位置较好且资金承接较强。,当前主要风险可控，但次日仍需观察板块延续性。,20260702,0,26.5,31.48,20260701
35,920478.BJ,峆一药业,20260701,2026-07-01,10.45,15.9822,0,0,化学制药,100.0,100.0,75.76293682242991,87.90209999999999,100.0,0.0,,,95.0,D级,所属板块强度靠前，个股涨幅和量价强度较高，收盘位置较好且资金承接较强，短线动量保持向上。,当前主要风险可控，但次日仍需观察板块延续性。,20260702,0,11.5,13.58,20260701
36,300821.SZ,东岳硅材,20260701,2026-07-01,22.13,7.6362,0,0,化工原料,100.0,87.88088898678413,75.66967577092508,41.9991,100.0,55.3,,,75.11500000000001,D级,所属板块强度靠前，个股涨幅和量价强度较高，收盘位置较好且资金承接较强。,当前主要风险可控，但次日仍需观察板块延续性。,20260702,0,21.58,26.56,20260701
37,300199.SZ,翰宇药业,20260701,2026-07-01,23.93,8.3786,0,0,化学制药,100.0,94.95626060606062,75.35545333333337,46.0823,100.0,0.0,,,95.0,D级,所属板块强度靠前，个股涨幅和量价强度较高，收盘位置较好且资金承接较强。,当前主要风险可控，但次日仍需观察板块延续性。,20260702,0,25.2,28.72,20260701
38,300086.SZ,康芝药业,20260701,2026-07-01,6.4,8.4746,0,0,化学制药,100.0,91.20704848484849,74.50902666666667,46.6103,100.0,0.0,,,95.0,D级,所属板块强度靠前，个股涨幅和量价强度较高，收盘位置较好且资金承接较强。,当前主要风险可控，但次日仍需观察板块延续性。,20260702,0,7.4,7.68,20260701
39,301246.SZ,宏源药业,20260701,2026-07-01,28.94,7.5836,0,0,化学制药,100.0,85.85680305343513,74.45796671755727,41.7098,100.0,0.0,,,95.0,D级,所属板块强度靠前，个股涨幅和量价强度较高，收盘位置较好且资金承接较强。,当前主要风险可控，但次日仍需观察板块延续性。,20260702,0,29.07,34.73,20260701
40,301328.SZ,维峰电子,20260701,2026-07-01,80.6,13.2022,0,0,元器件,100.0,100.0,74.21112075067023,72.6121,100.0,55.3,,,75.11500000000001,D级,所属板块强度靠前，个股涨幅和量价强度较高，收盘位置较好且资金承接较强，短线动量保持向上。,当前主要风险可控，但次日仍需观察板块延续性。,20260702,0,84.71,96.72,20260701
41,300996.SZ,普联软件,20260701,2026-07-01,12.45,14.3251,0,0,软件服务,100.0,100.0,73.12543296703295,78.78805,100.0,55.3,,,75.11500000000001,D级,所属板块强度靠前，个股涨幅和量价强度较高，收盘位置较好且资金承接较强，短线动量保持向上。,当前主要风险可控，但次日仍需观察板块延续性。,20260702,0,12.45,14.94,20260701
42,920046.BJ,亿能电力,20260701,2026-07-01,22.69,7.4846,0,0,电气设备,100.0,85.47050508474578,73.08795118644068,41.1653,100.0,55.3,,,75.11500000000001,D级,所属板块强度靠前，个股涨幅和量价强度较高，收盘位置较好且资金承接较强。,当前主要风险可控，但次日仍需观察板块延续性。,20260702,0,23.86,29.49,20260701
43,600513.SH,联环药业,20260701,2026-07-01,15.52,6.74,0,0,化学制药,100.0,82.509375,72.70078500000002,37.07,100.0,0.0,,,95.0,D级,所属板块强度靠前，个股涨幅和量价强度较高，收盘位置较好且资金承接较强。,当前主要风险可控，但次日仍需观察板块延续性。,20260702,0,16.39,17.07,20260701
44,300016.SZ,北陆药业,20260701,2026-07-01,8.24,7.4316,0,0,化学制药,100.0,85.85870000000003,71.82642000000007,40.8738,100.0,0.0,,,95.0,D级,所属板块强度靠前，个股涨幅和量价强度较高，收盘位置较好且资金承接较强。,当前主要风险可控，但次日仍需观察板块延续性。,20260702,0,8.56,9.89,20260701
45,301617.SZ,博苑新材,20260701,2026-07-01,65.4,11.13,0,0,化工原料,100.0,100.0,71.76061230769234,61.215,100.0,55.3,,,75.11500000000001,D级,所属板块强度靠前，个股涨幅和量价强度较高，收盘位置较好且资金承接较强。,当前主要风险可控，但次日仍需观察板块延续性。,20260702,0,69.9,78.48,20260701
46,688578.SH,艾力斯,20260701,2026-07-01,125.81,15.2106,0,0,化学制药,100.0,100.0,71.73428494039103,83.6583,100.0,0.0,,,95.0,D级,所属板块强度靠前，个股涨幅和量价强度较高，收盘位置较好且资金承接较强，短线动量保持向上。,当前主要风险可控，但次日仍需观察板块延续性。,20260702,0,134.85,150.97,20260701
47,301089.SZ,拓新药业,20260701,2026-07-01,22.65,10.9207,0,0,化学制药,100.0,100.0,71.7059940298507,60.063849999999995,100.0,0.0,,,95.0,D级,所属板块强度靠前，个股涨幅和量价强度较高，收盘位置较好且资金承接较强。,当前主要风险可控，但次日仍需观察板块延续性。,20260702,0,23.4,27.18,20260701
48,688432.SH,有研硅,20260701,2026-07-01,45.8,14.5859,0,0,半导体,100.0,100.0,71.57717562982005,80.22245000000001,100.0,55.3,,,75.11500000000001,D级,所属板块强度靠前，个股涨幅和量价强度较高，收盘位置较好且资金承接较强，短线动量保持向上。,当前主要风险可控，但次日仍需观察板块延续性。,20260702,0,48.79,54.96,20260701
49,920735.BJ,德源药业,20260701,2026-07-01,25.8,8.1308,0,0,化学制药,100.0,94.00390188679245,71.28006415094339,44.7194,100.0,0.0,,,95.0,D级,所属板块强度靠前，个股涨幅和量价强度较高，收盘位置较好且资金承接较强。,当前主要风险可控，但次日仍需观察板块延续性。,20260702,0,26.94,33.54,20260701
50,601678.SH,滨化股份,20260701,2026-07-01,7.0,6.2215,0,0,化工原料,100.0,75.298,70.99897999999999,34.21825,100.0,55.862500000000004,,,74.861875,D级,所属板块强度靠前，个股涨幅和量价强度较高，收盘位置较好且资金承接较强。,当前主要风险可控，但次日仍需观察板块延续性。,20260702,1,7.7,7.7,20260701
1,920193.BJ,吉和昌,20260702,2026-07-02,61.05,616.5493,0,0,化工原料,100.0,100.0,100.0,100.0,100.0,100.0,,,55.0,D级,所属板块强度靠前，个股涨幅和量价强度较高，收盘位置较好且资金承接较强，短线动量保持向上。,综合风险偏高，收盘位置不佳，存在冲高回落风险。,20260703,1,79.36,79.36,20260702
2,301696.SZ,三瑞智能,20260702,2026-07-02,135.05,14.2362,0,0,电气设备,100.0,100.0,96.67424338368582,78.2991,100.0,57.23051359516615,,,74.24626888217523,D级,所属板块强度靠前，个股涨幅和量价强度较高，收盘位置较好且资金承接较强，短线动量保持向上。,当前主要风险可控，但次日仍需观察板块延续性。,20260703,0,146.99,162.06,20260702
3,300069.SZ,金利华电,20260702,2026-07-02,39.36,18.021,0,0,电气设备,100.0,100.0,89.34557526011558,99.11550000000001,100.0,55.3,,,75.11500000000001,D级,所属板块强度靠前，个股涨幅和量价强度较高，收盘位置较好且资金承接较强，短线动量保持向上。,当前主要风险可控，但次日仍需观察板块延续性。,20260703,0,41.05,47.23,20260702
4,603078.SH,江化微,20260702,2026-07-02,56.9,8.0517,0,0,半导体,100.0,89.55882599620493,83.98939719165085,44.284349999999996,100.0,55.3,,,75.11500000000001,D级,所属板块强度靠前，个股涨幅和量价强度较高，收盘位置较好且资金承接较强。,当前主要风险可控，但次日仍需观察板块延续性。,20260703,0,59.5,62.59,20260702
5,002915.SZ,中欣氟材,20260702,2026-07-02,23.54,6.9028,0,0,化工原料,100.0,88.14388571428569,83.93746857142852,37.965399999999995,100.0,55.3,,,75.11500000000001,D级,所属板块强度靠前，个股涨幅和量价强度较高，收盘位置较好且资金承接较强。,当前主要风险可控，但次日仍需观察板块延续性。,20260703,0,22.6,25.89,20260702
6,920015.BJ,锦华新材,20260702,2026-07-02,57.8,8.5446,0,0,化工原料,100.0,94.98200544747081,75.82685198443579,46.99530000000001,100.0,55.3,,,75.11500000000001,D级,所属板块强度靠前，个股涨幅和量价强度较高，收盘位置较好且资金承接较强。,当前主要风险可控，但次日仍需观察板块延续性。,20260703,0,57.75,75.14,20260702
7,301045.SZ,天禄科技,20260702,2026-07-02,98.31,6.1778,0,0,元器件,100.0,74.15125224445647,73.99915493780422,33.977900000000005,100.0,55.64802595997837,,,74.95838831800972,D级,所属板块强度靠前，个股涨幅和量价强度较高，收盘位置较好且资金承接较强。,当前主要风险可控，但次日仍需观察板块延续性。,20260703,0,103.87,117.97,20260702
8,300111.SZ,向日葵,20260702,2026-07-02,3.45,16.5541,0,0,化学制药,100.0,100.0,73.15212610169496,91.04754999999999,100.0,3.099999999999996,,,95.0,D级,所属板块强度靠前，个股涨幅和量价强度较高，收盘位置较好且资金承接较强，短线动量保持向上。,量能放大过快。,20260703,0,3.34,4.14,20260702
9,002378.SZ,章源钨业,20260702,2026-07-02,35.43,7.69,0,0,小金属,100.0,87.76217391304348,69.79478260869568,42.295,100.0,55.3,,,75.11500000000001,D级,所属板块强度靠前，个股涨幅和量价强度较高，收盘位置较好且资金承接较强。,当前主要风险可控，但次日仍需观察板块延续性。,20260703,0,35.35,38.97,20260702
10,600601.SH,方正科技,20260702,2026-07-02,14.92,6.8003,0,0,元器件,100.0,81.71286923076924,69.42853230769232,37.40165,100.0,55.3,,,75.11500000000001,D级,所属板块强度靠前，个股涨幅和量价强度较高，收盘位置较好且资金承接较强。,当前主要风险可控，但次日仍需观察板块延续性。,20260703,0,15.76,16.41,20260702
11,603031.SH,安孚科技,20260702,2026-07-02,54.14,7.1019,0,0,电气设备,100.0,79.50791756373938,68.70675864022664,39.060449999999996,100.0,55.3,,,75.11500000000001,D级,所属板块强度靠前，个股涨幅和量价强度较高，收盘位置较好且资金承接较强。,当前主要风险可控，但次日仍需观察板块延续性。,20260703,0,55.9,59.55,20260702
12,600420.SH,国药现代,20260702,2026-07-02,8.85,7.5334,0,0,化学制药,100.0,98.47085882352937,67.16744941176461,41.4337,100.0,0.0,,,95.0,D级,所属板块强度靠前，个股涨幅和量价强度较高，收盘位置较好且资金承接较强。,当前主要风险可控，但次日仍需观察板块延续性。,20260703,0,8.94,9.74,20260702
13,002756.SZ,永兴材料,20260702,2026-07-02,62.45,6.0452,0,0,小金属,100.0,74.63386031746032,66.53913269841271,33.2486,100.0,55.3,,,75.11500000000001,D级,所属板块强度靠前，个股涨幅和量价强度较高，收盘位置较好且资金承接较强。,当前主要风险可控，但次日仍需观察板块延续性。,20260703,0,64.6,68.7,20260702
14,002653.SZ,海思科,20260702,2026-07-02,78.8,8.0044,0,0,化学制药,100.0,92.86352727272727,66.36496,44.0242,100.0,0.0,,,95.0,D级,所属板块强度靠前，个股涨幅和量价强度较高，收盘位置较好且资金承接较强。,当前主要风险可控，但次日仍需观察板块延续性。,20260703,0,78.44,86.68,20260702
15,002294.SZ,信立泰,20260702,2026-07-02,36.44,6.5497,0,0,化学制药,100.0,83.05193100775189,65.35558821705416,36.02334999999999,100.0,0.0,,,95.0,D级,所属板块强度靠前，个股涨幅和量价强度较高，收盘位置较好且资金承接较强。,当前主要风险可控，但次日仍需观察板块延续性。,20260703,1,40.08,40.08,20260702
16,688103.SH,国力电子,20260702,2026-07-02,74.85,7.5122,0,0,元器件,100.0,83.14323882783881,64.8707654212454,41.317099999999996,100.0,55.3,,,75.11500000000001,D级,所属板块强度靠前，个股涨幅和量价强度较高。,当前主要风险可控，但次日仍需观察板块延续性。,20260703,0,77.99,89.54,20260702
17,301222.SZ,浙江恒威,20260702,2026-07-02,34.4,12.6392,0,0,电气设备,100.0,100.0,64.68961430656934,69.51559999999999,100.0,55.3,,,75.11500000000001,D级,所属板块强度靠前，个股涨幅和量价强度较高，短线动量保持向上。,当前主要风险可控，但次日仍需观察板块延续性。,20260703,0,35.35,41.28,20260702
18,301149.SZ,隆华新材,20260702,2026-07-02,11.82,9.3432,0,0,化工原料,100.0,100.0,64.46102268656719,51.38759999999999,100.0,55.3,,,75.11500000000001,D级,所属板块强度靠前，个股涨幅和量价强度较高。,当前主要风险可控，但次日仍需观察板块延续性。,20260703,0,11.74,14.18,20260702
19,300980.SZ,祥源新材,20260702,2026-07-02,33.5,6.8922,0,0,塑料,100.0,78.75932523364486,63.51683551401868,37.9071,100.0,5.950934579439262,,,95.0,D级,所属板块强度靠前，个股涨幅和量价强度较高。,当前主要风险可控，但次日仍需观察板块延续性。,20260703,0,34.5,39.96,20260702
20,688522.SH,纳睿雷达,20260702,2026-07-02,22.49,9.2809,0,0,通信设备,100.0,100.0,62.78565413173651,51.04495000000001,100.0,55.3,,,75.11500000000001,D级,所属板块强度靠前，个股涨幅和量价强度较高。,当前主要风险可控，但次日仍需观察板块延续性。,20260703,0,22.49,26.99,20260702
21,002422.SZ,科伦药业,20260702,2026-07-02,44.75,6.6746,0,0,化学制药,100.0,80.90361327623127,61.26662920770879,36.710300000000004,100.0,0.0,,,95.0,D级,所属板块强度靠前，个股涨幅和量价强度较高。,当前主要风险可控，但次日仍需观察板块延续性。,20260703,0,48.08,49.23,20260702
22,300932.SZ,三友联众,20260702,2026-07-02,11.43,7.4248,0,0,电气设备,100.0,80.50938947368421,59.78237684210524,40.836400000000005,100.0,61.93157894736843,,,72.1307894736842,D级,所属板块强度靠前，个股涨幅和量价强度较高。,当前主要风险可控，但次日仍需观察板块延续性。,20260703,0,13.22,13.72,20260702
23,920100.BJ,三协电机,20260702,2026-07-02,40.97,7.0272,0,0,电气设备,100.0,75.67783295019156,58.13263249042144,38.64959999999999,100.0,67.05862068965517,,,69.82362068965517,D级,所属板块强度靠前，个股涨幅和量价强度较高。,综合风险偏高，收盘位置不佳，存在冲高回落风险。,20260703,0,47.98,53.26,20260702
24,301163.SZ,宏德股份,20260702,2026-07-02,25.45,10.1732,0,0,电气设备,100.0,100.0,56.19686887139108,55.9526,100.0,59.988976377952746,,,73.00496062992127,D级,所属板块强度靠前，个股涨幅和量价强度较高。,当前主要风险可控，但次日仍需观察板块延续性。,20260703,0,26.45,30.54,20260702
25,002850.SZ,科达利,20260702,2026-07-02,205.6,6.9163,0,0,电气设备,100.0,81.00555795523289,54.80976750151238,38.039649999999995,100.0,57.94337568058078,,,73.92548094373865,D级,所属板块强度靠前，个股涨幅和量价强度较高。,当前主要风险可控，但次日仍需观察板块延续性。,20260703,1,226.16,226.16,20260702
26,301590.SZ,优优绿能,20260702,2026-07-02,142.5,7.5066,0,0,电气设备,100.0,83.05511891891894,52.417381621621644,41.2863,100.0,63.995945945945934,,,71.20182432432432,D级,所属板块强度靠前，个股涨幅和量价强度较高。,当前主要风险可控，但次日仍需观察板块延续性。,20260703,0,154.47,171.0,20260702
27,688517.SH,金冠电气,20260702,2026-07-02,18.2,9.1782,0,0,电气设备,100.0,94.33155770609318,51.486946953404995,50.4801,100.0,59.864516129032275,,,73.06096774193547,D级,所属板块强度靠前，个股涨幅和量价强度较高。,当前主要风险可控，但次日仍需观察板块延续性。,20260703,0,19.88,21.84,20260702
28,300550.SZ,和仁科技,20260702,2026-07-02,15.58,12.8168,0,0,软件服务,94.10103808478914,100.0,65.44427304347825,70.4924,100.0,55.3,,,75.11500000000001,D级,所属板块强度靠前，个股涨幅和量价强度较高，收盘位置较好且资金承接较强，短线动量保持向上。,当前主要风险可控，但次日仍需观察板块延续性。,20260703,0,16.08,18.7,20260702
29,300694.SZ,蠡湖股份,20260702,2026-07-02,11.83,9.8422,0,0,汽车配件,43.739786653844305,100.0,71.91945253731346,54.1321,100.0,55.3,,,75.11500000000001,D级,个股涨幅和量价强度较高，收盘位置较好且资金承接较强。,当前主要风险可控，但次日仍需观察板块延续性。,20260703,0,12.38,14.2,20260702
30,002126.SZ,银轮股份,20260702,2026-07-02,50.48,6.4979,0,0,汽车配件,43.739786653844305,76.7271439716312,57.47769673758862,35.73845,100.0,55.3,,,75.11500000000001,D级,个股涨幅和量价强度较高。,当前主要风险可控，但次日仍需观察板块延续性。,20260703,0,54.5,55.53,20260702
31,300969.SZ,恒帅股份,20260702,2026-07-02,105.47,7.4799,0,0,汽车配件,43.739786653844305,81.59129381761979,53.776986398763526,41.13945,100.0,60.82241112828439,,,72.62991499227202,D级,个股涨幅和量价强度较高。,当前主要风险可控，但次日仍需观察板块延续性。,20260703,0,117.69,126.56,20260702
32,301550.SZ,斯菱智驱,20260702,2026-07-02,102.3,6.4516,0,0,汽车配件,43.739786653844305,75.25418701298699,49.81309142857139,35.483799999999995,100.0,65.17662337662341,,,70.67051948051946,D级,个股涨幅和量价强度较高。,综合风险偏高。,20260703,0,112.66,122.76,20260702
33,301613.SZ,新铝时代,20260702,2026-07-02,39.94,7.3367,0,0,汽车配件,43.739786653844305,87.59366300578034,46.30135861271675,40.35185,100.0,63.90982658959539,,,71.24057803468207,D级,个股涨幅和量价强度较高。,当前主要风险可控，但次日仍需观察板块延续性。,20260703,0,40.84,47.93,20260702
34,301119.SZ,正强股份,20260702,2026-07-02,26.3,8.1859,0,0,汽车配件,43.739786653844305,85.7779255144033,44.81213613168725,45.02245,100.0,68.37407407407406,,,69.23166666666667,D级,个股涨幅和量价强度较高。,综合风险偏高，收盘位置不佳，存在冲高回落风险。,20260703,0,29.86,31.56,20260702
35,300154.SZ,瑞凌股份,20260702,2026-07-02,9.54,12.2353,0,0,机械基件,17.380407639861915,100.0,72.62277037037035,67.29415,100.0,55.3,,,75.11500000000001,D级,个股涨幅和量价强度较高，收盘位置较好且资金承接较强，短线动量保持向上。,当前主要风险可控，但次日仍需观察板块延续性。,20260703,0,10.3,11.45,20260702
36,300885.SZ,海昌新材,20260702,2026-07-02,26.6,9.6455,0,0,机械基件,17.380407639861915,100.0,69.81843359430609,53.05025,100.0,55.3,,,75.11500000000001,D级,个股涨幅和量价强度较高，收盘位置较好且资金承接较强。,当前主要风险可控，但次日仍需观察板块延续性。,20260703,0,28.95,31.92,20260702
37,920807.BJ,奔朗新材,20260702,2026-07-02,12.2,8.9286,0,0,机械基件,17.380407639861915,92.56603333333331,58.46867333333329,49.107299999999995,100.0,57.73750000000003,,,74.01812499999998,D级,个股涨幅和量价强度较高。,当前主要风险可控，但次日仍需观察板块延续性。,20260703,0,12.33,15.86,20260702
38,920510.BJ,丰光精密,20260702,2026-07-02,25.2,6.6892,0,0,机械基件,17.380407639861915,66.7038388777555,55.1730855310621,36.7906,100.0,69.3050100200401,,,68.81274549098195,D级,满足涨幅和非涨停过滤条件，综合评分进入候选排序。,综合风险偏高，收盘位置不佳，存在冲高回落风险。,20260703,1,32.76,32.76,20260702
39,001248.SZ,N华润新能源,20260702,2026-07-02,23.95,136.8942,0,0,新型电力,0.0,100.0,100.0,100.0,100.0,100.0,,,55.0,D级,个股涨幅和量价强度较高，收盘位置较好且资金承接较强，短线动量保持向上。,综合风险偏高，收盘位置不佳，存在冲高回落风险。,20260703,0,23.38,999999.999,20260702
40,002235.SZ,安妮股份,20260702,2026-07-02,8.62,9.2522,0,0,造纸,0.0,100.0,77.71061658536577,50.887100000000004,93.87216499429084,55.3,,,75.11500000000001,D级,个股涨幅和量价强度较高，收盘位置较好且资金承接较强。,当前主要风险可控，但次日仍需观察板块延续性。,20260703,0,9.35,9.48,20260702
41,920725.BJ,惠丰钻石,20260702,2026-07-02,106.45,9.8782,0,0,矿物制品,0.0,94.96818947368422,75.41725684210527,54.330099999999995,100.0,56.30657894736841,,,74.66203947368422,D级,个股涨幅和量价强度较高，收盘位置较好且资金承接较强。,当前主要风险可控，但次日仍需观察板块延续性。,20260703,0,104.99,138.38,20260702
42,002038.SZ,双鹭药业,20260702,2026-07-02,6.7,6.6879,0,0,生物制药,0.0,82.00335970149257,74.74989134328364,36.783449999999995,100.0,55.3,,,75.11500000000001,D级,个股涨幅和量价强度较高，收盘位置较好且资金承接较强。,当前主要风险可控，但次日仍需观察板块延续性。,20260703,0,6.9,7.37,20260702
43,688068.SH,热景生物,20260702,2026-07-02,110.17,18.4624,0,0,医疗保健,0.0,100.0,74.2092514048607,100.0,100.0,55.3,,,75.11500000000001,D级,个股涨幅和量价强度较高，收盘位置较好且资金承接较强，短线动量保持向上。,当前主要风险可控，但次日仍需观察板块延续性。,20260703,0,122.99,132.2,20260702
44,300418.SZ,昆仑万维,20260702,2026-07-02,45.55,12.1921,0,0,互联网,0.0,100.0,73.37348339973438,67.05655,100.0,55.3,,,75.11500000000001,D级,个股涨幅和量价强度较高，收盘位置较好且资金承接较强，短线动量保持向上。,当前主要风险可控，但次日仍需观察板块延续性。,20260703,0,46.69,54.66,20260702
45,300931.SZ,通用电梯,20260702,2026-07-02,16.62,14.779,0,0,运输设备,0.0,100.0,69.41281142857146,81.2845,97.44626523246757,55.3,,,75.11500000000001,D级,个股涨幅和量价强度较高，收盘位置较好且资金承接较强，短线动量保持向上。,当前主要风险可控，但次日仍需观察板块延续性。,20260703,0,17.55,19.94,20260702
46,600872.SH,中炬高新,20260702,2026-07-02,18.91,7.0781,0,0,食品,0.0,91.72712553191492,68.34677617021282,38.92955,100.0,55.3,,,75.11500000000001,D级,个股涨幅和量价强度较高，收盘位置较好且资金承接较强。,当前主要风险可控，但次日仍需观察板块延续性。,20260703,0,19.14,20.8,20260702
47,300765.SZ,石药创新,20260702,2026-07-02,34.49,12.1626,0,0,食品,0.0,100.0,67.92104020725397,66.8943,100.0,55.3,,,75.11500000000001,D级,个股涨幅和量价强度较高，收盘位置较好且资金承接较强，短线动量保持向上。,当前主要风险可控，但次日仍需观察板块延续性。,20260703,0,37.39,41.39,20260702
48,002196.SZ,方正电机,20260702,2026-07-02,13.04,6.3622,0,0,纺织机械,0.0,77.58334117647055,67.15307058823524,34.99209999999999,94.88744087115539,56.68970588235298,,,74.48963235294116,D级,个股涨幅和量价强度较高，收盘位置较好且资金承接较强。,当前主要风险可控，但次日仍需观察板块延续性。,20260703,0,14.2,14.34,20260702
49,300781.SZ,因赛集团,20260702,2026-07-02,28.95,6.6298,0,0,广告包装,0.0,91.56391645569619,66.15269620253163,36.4639,100.0,55.3,,,75.11500000000001,D级,个股涨幅和量价强度较高，收盘位置较好且资金承接较强。,当前主要风险可控，但次日仍需观察板块延续性。,20260703,0,28.3,34.74,20260702
50,600322.SH,津投城开,20260702,2026-07-02,3.09,8.042,0,0,区域地产,0.0,89.04476923076922,64.70881230769228,44.230999999999995,97.14996658324128,55.3,,,75.11500000000001,D级,个股涨幅和量价强度较高。,当前主要风险可控，但次日仍需观察板块延续性。,20260703,0,3.23,3.4,20260702
1,000559.SZ,万向钱潮,20260703,2026-07-03,14.22,7.9727,0,0,汽车配件,100.0,96.13683388429754,61.793174545454605,43.849849999999996,100.0,55.3,97.70223183845897,70.53491793240411,75.11500000000001,C级,所属板块强度靠前，个股涨幅和量价强度较高。,当前主要风险可控，但次日仍需观察板块延续性。,20260706,0,,,20260703
2,000678.SZ,襄阳轴承,20260703,2026-07-03,9.59,6.7929,0,0,汽车配件,100.0,82.69799230769229,58.91048307692304,37.36095,100.0,55.64615384615387,95.98142122543058,65.72222674564335,74.95923076923076,C级,所属板块强度靠前，个股涨幅和量价强度较高。,当前主要风险可控，但次日仍需观察板块延续性。,20260706,0,,,20260703
3,000338.SZ,潍柴动力,20260703,2026-07-03,28.14,6.5909,0,0,汽车配件,100.0,73.6831253968254,57.19885587301588,36.24995,100.0,55.3,93.90966600659962,62.243880857142855,75.11500000000001,C级,所属板块强度靠前，个股涨幅和量价强度较高。,当前主要风险可控，但次日仍需观察板块延续性。,20260706,0,,,20260703
4,300503.SZ,昊志机电,20260703,2026-07-03,111.0,16.9899,0,0,机械基件,100.0,100.0,85.27522593659945,93.44444999999999,100.0,55.3,,,75.11500000000001,D级,所属板块强度靠前，个股涨幅和量价强度较高，收盘位置较好且资金承接较强，短线动量保持向上。,当前主要风险可控，但次日仍需观察板块延续性。,20260706,0,,,20260703
5,300607.SZ,拓斯达,20260703,2026-07-03,52.96,13.5506,0,0,专用机械,100.0,100.0,84.51784739687054,74.5283,100.0,55.3,,,75.11500000000001,D级,所属板块强度靠前，个股涨幅和量价强度较高，收盘位置较好且资金承接较强，短线动量保持向上。,当前主要风险可控，但次日仍需观察板块延续性。,20260706,0,,,20260703
6,920100.BJ,三协电机,20260703,2026-07-03,46.1,12.5214,0,0,电气设备,100.0,100.0,84.07299479576403,68.8677,100.0,55.3,,,75.11500000000001,D级,所属板块强度靠前，个股涨幅和量价强度较高，收盘位置较好且资金承接较强，短线动量保持向上。,当前主要风险可控，但次日仍需观察板块延续性。,20260706,0,,,20260703
7,301023.SZ,奕帆传动,20260703,2026-07-03,36.66,8.1416,0,0,电气设备,100.0,92.84669815498154,83.26137594095937,44.778800000000004,100.0,55.3,,,75.11500000000001,D级,所属板块强度靠前，个股涨幅和量价强度较高，收盘位置较好且资金承接较强。,当前主要风险可控，但次日仍需观察板块延续性。,20260706,0,,,20260703
8,688017.SH,绿的谐波,20260703,2026-07-03,488.0,18.1455,0,0,机械基件,100.0,100.0,79.33376123835892,99.80024999999999,100.0,55.3,,,75.11500000000001,D级,所属板块强度靠前，个股涨幅和量价强度较高，收盘位置较好且资金承接较强，短线动量保持向上。,当前主要风险可控，但次日仍需观察板块延续性。,20260706,0,,,20260703
9,301232.SZ,飞沃科技,20260703,2026-07-03,182.0,11.6907,0,0,机械基件,100.0,100.0,79.09254905908097,64.29885,100.0,55.3,,,75.11500000000001,D级,所属板块强度靠前，个股涨幅和量价强度较高，收盘位置较好且资金承接较强。,当前主要风险可控，但次日仍需观察板块延续性。,20260706,0,,,20260703
10,920002.BJ,万达轴承,20260703,2026-07-03,65.82,25.1331,0,0,工程机械,100.0,100.0,78.95266897312197,100.0,100.0,0.0,,,95.0,D级,所属板块强度靠前，个股涨幅和量价强度较高，收盘位置较好且资金承接较强，短线动量保持向上。,当前主要风险可控，但次日仍需观察板块延续性。,20260706,0,,,20260703
11,301051.SZ,信濠光电,20260703,2026-07-03,22.77,17.0694,0,0,元器件,100.0,100.0,78.55661623188406,93.88170000000001,100.0,55.3,,,75.11500000000001,D级,所属板块强度靠前，个股涨幅和量价强度较高，收盘位置较好且资金承接较强，短线动量保持向上。,当前主要风险可控，但次日仍需观察板块延续性。,20260706,0,,,20260703
12,603667.SH,五洲新春,20260703,2026-07-03,76.15,8.5067,0,0,机械基件,100.0,96.10424939759038,78.24928867469882,46.78685000000001,100.0,55.3,,,75.11500000000001,D级,所属板块强度靠前，个股涨幅和量价强度较高，收盘位置较好且资金承接较强。,当前主要风险可控，但次日仍需观察板块延续性。,20260706,0,,,20260703
13,301529.SZ,福赛科技,20260703,2026-07-03,124.3,10.9821,0,0,汽车配件,100.0,100.0,75.86664892086328,60.40155,100.0,55.3,,,75.11500000000001,D级,所属板块强度靠前，个股涨幅和量价强度较高，收盘位置较好且资金承接较强。,当前主要风险可控，但次日仍需观察板块延续性。,20260706,0,,,20260703
14,001309.SZ,德明利,20260703,2026-07-03,881.91,8.7435,0,0,半导体,100.0,92.94091606591141,75.62235534500512,48.08924999999999,100.0,55.3,,,75.11500000000001,D级,所属板块强度靠前，个股涨幅和量价强度较高，收盘位置较好且资金承接较强。,当前主要风险可控，但次日仍需观察板块延续性。,20260706,0,,,20260703
15,600110.SH,诺德股份,20260703,2026-07-03,15.75,8.3964,0,0,电气设备,100.0,89.78323537414965,75.37635782312924,46.1802,100.0,55.3,,,75.11500000000001,D级,所属板块强度靠前，个股涨幅和量价强度较高，收盘位置较好且资金承接较强。,当前主要风险可控，但次日仍需观察板块延续性。,20260706,0,,,20260703
16,920111.BJ,聚星科技,20260703,2026-07-03,36.63,6.9489,0,0,电气设备,100.0,85.2444428571429,75.12767428571439,38.21895000000001,100.0,55.3,,,75.11500000000001,D级,所属板块强度靠前，个股涨幅和量价强度较高，收盘位置较好且资金承接较强。,当前主要风险可控，但次日仍需观察板块延续性。,20260706,0,,,20260703
17,600360.SH,华微电子,20260703,2026-07-03,14.96,6.0993,0,0,半导体,100.0,72.92747113402064,74.6497764948454,33.546150000000004,100.0,55.3,,,75.11500000000001,D级,所属板块强度靠前，个股涨幅和量价强度较高，收盘位置较好且资金承接较强。,当前主要风险可控，但次日仍需观察板块延续性。,20260706,0,,,20260703
18,300969.SZ,恒帅股份,20260703,2026-07-03,117.0,10.932,0,0,汽车配件,100.0,100.0,74.44936793733683,60.126000000000005,100.0,55.3,,,75.11500000000001,D级,所属板块强度靠前，个股涨幅和量价强度较高，收盘位置较好且资金承接较强。,当前主要风险可控，但次日仍需观察板块延续性。,20260706,0,,,20260703
19,603032.SH,德新科技,20260703,2026-07-03,27.6,6.3994,0,0,专用机械,100.0,77.03695523465706,74.41742151624553,35.1967,100.0,55.3,,,75.11500000000001,D级,所属板块强度靠前，个股涨幅和量价强度较高，收盘位置较好且资金承接较强。,当前主要风险可控，但次日仍需观察板块延续性。,20260706,0,,,20260703
20,002031.SZ,巨轮智能,20260703,2026-07-03,6.22,7.2414,0,0,汽车配件,100.0,88.2498,74.20067999999999,39.8277,100.0,55.3,,,75.11500000000001,D级,所属板块强度靠前，个股涨幅和量价强度较高，收盘位置较好且资金承接较强。,当前主要风险可控，但次日仍需观察板块延续性。,20260706,0,,,20260703
21,301138.SZ,华研精机,20260703,2026-07-03,33.44,6.5307,0,0,专用机械,100.0,79.13750869565214,74.00001913043471,35.91885,100.0,55.3,,,75.11500000000001,D级,所属板块强度靠前，个股涨幅和量价强度较高，收盘位置较好且资金承接较强。,当前主要风险可控，但次日仍需观察板块延续性。,20260706,0,,,20260703
22,301225.SZ,恒勃股份,20260703,2026-07-03,96.25,15.4077,0,0,汽车配件,100.0,100.0,73.96541500000001,84.74235,100.0,55.3,,,75.11500000000001,D级,所属板块强度靠前，个股涨幅和量价强度较高，收盘位置较好且资金承接较强，短线动量保持向上。,当前主要风险可控，但次日仍需观察板块延续性。,20260706,0,,,20260703
23,920578.BJ,巨能股份,20260703,2026-07-03,23.75,12.9876,0,0,专用机械,100.0,100.0,73.24159256281406,71.43180000000001,100.0,55.7070351758794,,,74.93183417085427,D级,所属板块强度靠前，个股涨幅和量价强度较高，收盘位置较好且资金承接较强，短线动量保持向上。,当前主要风险可控，但次日仍需观察板块延续性。,20260706,0,,,20260703
24,603119.SH,浙江荣泰,20260703,2026-07-03,74.81,7.8887,0,0,汽车配件,100.0,91.90513772609822,72.38972299741606,43.38785,100.0,55.3,,,75.11500000000001,D级,所属板块强度靠前，个股涨幅和量价强度较高，收盘位置较好且资金承接较强。,当前主要风险可控，但次日仍需观察板块延续性。,20260706,0,,,20260703
25,301005.SZ,超捷股份,20260703,2026-07-03,118.64,11.7348,0,0,汽车配件,100.0,100.0,72.274073993994,64.5414,100.0,55.3,,,75.11500000000001,D级,所属板块强度靠前，个股涨幅和量价强度较高，收盘位置较好且资金承接较强。,当前主要风险可控，但次日仍需观察板块延续性。,20260706,0,,,20260703
26,300680.SZ,隆盛科技,20260703,2026-07-03,26.45,9.8878,0,0,汽车配件,100.0,100.0,71.84155444444445,54.38290000000001,100.0,55.3,,,75.11500000000001,D级,所属板块强度靠前，个股涨幅和量价强度较高，收盘位置较好且资金承接较强。,当前主要风险可控，但次日仍需观察板块延续性。,20260706,0,,,20260703
27,300679.SZ,电连技术,20260703,2026-07-03,64.5,6.4005,0,0,元器件,100.0,76.28993939393938,71.74116666666663,35.20275,100.0,55.3,,,75.11500000000001,D级,所属板块强度靠前，个股涨幅和量价强度较高，收盘位置较好且资金承接较强。,当前主要风险可控，但次日仍需观察板块延续性。,20260706,0,,,20260703
28,301210.SZ,金杨精密,20260703,2026-07-03,32.67,6.7647,0,0,电气设备,100.0,81.7539423452769,71.41393315960916,37.20585,100.0,55.3,,,75.11500000000001,D级,所属板块强度靠前，个股涨幅和量价强度较高，收盘位置较好且资金承接较强。,当前主要风险可控，但次日仍需观察板块延续性。,20260706,0,,,20260703
29,603045.SH,福达合金,20260703,2026-07-03,75.9,7.4006,0,0,小金属,100.0,82.98746064382142,70.90341341640712,40.7033,100.0,55.3,,,75.11500000000001,D级,所属板块强度靠前，个股涨幅和量价强度较高，收盘位置较好且资金承接较强。,当前主要风险可控，但次日仍需观察板块延续性。,20260706,0,,,20260703
30,300660.SZ,江苏雷利,20260703,2026-07-03,33.29,14.3593,0,0,电气设备,100.0,100.0,70.67785259259256,78.97614999999999,100.0,55.3,,,75.11500000000001,D级,所属板块强度靠前，个股涨幅和量价强度较高，收盘位置较好且资金承接较强，短线动量保持向上。,当前主要风险可控，但次日仍需观察板块延续性。,20260706,0,,,20260703
31,301261.SZ,恒工精密,20260703,2026-07-03,90.18,9.1239,0,0,机械基件,100.0,97.48468601823711,69.79376924012163,50.181450000000005,100.0,57.39270516717321,,,74.17328267477205,D级,所属板块强度靠前，个股涨幅和量价强度较高，收盘位置较好且资金承接较强。,当前主要风险可控，但次日仍需观察板块延续性。,20260706,0,,,20260703
32,688636.SH,智明达,20260703,2026-07-03,40.2,14.2045,0,0,元器件,100.0,100.0,69.3593066666667,78.12474999999999,100.0,55.3,,,75.11500000000001,D级,所属板块强度靠前，个股涨幅和量价强度较高，收盘位置较好且资金承接较强，短线动量保持向上。,当前主要风险可控，但次日仍需观察板块延续性。,20260706,0,,,20260703
33,300115.SZ,长盈精密,20260703,2026-07-03,33.18,10.7846,0,0,元器件,100.0,100.0,69.23987597883601,59.31529999999999,100.0,55.3,,,75.11500000000001,D级,所属板块强度靠前，个股涨幅和量价强度较高，收盘位置较好且资金承接较强。,当前主要风险可控，但次日仍需观察板块延续性。,20260706,0,,,20260703
34,300865.SZ,大宏立,20260703,2026-07-03,24.53,8.4439,0,0,专用机械,100.0,97.41828591549296,69.22040901408452,46.441449999999996,100.0,55.3,,,75.11500000000001,D级,所属板块强度靠前，个股涨幅和量价强度较高，收盘位置较好且资金承接较强。,当前主要风险可控，但次日仍需观察板块延续性。,20260706,0,,,20260703
35,605288.SH,凯迪股份,20260703,2026-07-03,95.18,6.4653,0,0,电气设备,100.0,80.74106732788799,68.42424812135359,35.55915,100.0,55.3,,,75.11500000000001,D级,所属板块强度靠前，个股涨幅和量价强度较高，收盘位置较好且资金承接较强。,当前主要风险可控，但次日仍需观察板块延续性。,20260706,0,,,20260703
36,300690.SZ,双一科技,20260703,2026-07-03,24.36,8.363,0,0,电气设备,100.0,94.80117857142855,68.36931285714282,45.9965,100.0,55.3,,,75.11500000000001,D级,所属板块强度靠前，个股涨幅和量价强度较高，收盘位置较好且资金承接较强。,当前主要风险可控，但次日仍需观察板块延续性。,20260706,0,,,20260703
37,002048.SZ,宁波华翔,20260703,2026-07-03,26.22,8.7967,0,0,汽车配件,100.0,96.54800047846886,68.3409410526315,48.38185,100.0,55.3,,,75.11500000000001,D级,所属板块强度靠前，个股涨幅和量价强度较高，收盘位置较好且资金承接较强。,当前主要风险可控，但次日仍需观察板块延续性。,20260706,0,,,20260703
38,920220.BJ,朗信电气,20260703,2026-07-03,57.98,7.5895,0,0,汽车配件,100.0,81.78324846625766,68.12696662576684,41.742250000000006,100.0,55.3,,,75.11500000000001,D级,所属板块强度靠前，个股涨幅和量价强度较高，收盘位置较好且资金承接较强。,当前主要风险可控，但次日仍需观察板块延续性。,20260706,0,,,20260703
39,603228.SH,景旺电子,20260703,2026-07-03,71.97,8.7653,0,0,元器件,100.0,97.96552105263156,68.06444631578943,48.20915,100.0,55.3,,,75.11500000000001,D级,所属板块强度靠前，个股涨幅和量价强度较高，收盘位置较好且资金承接较强。,当前主要风险可控，但次日仍需观察板块延续性。,20260706,0,,,20260703
40,920593.BJ,鼎智科技,20260703,2026-07-03,33.38,11.7135,0,0,机械基件,100.0,100.0,67.12920869565225,64.42425,100.0,55.3,,,75.11500000000001,D级,所属板块强度靠前，个股涨幅和量价强度较高，收盘位置较好且资金承接较强。,当前主要风险可控，但次日仍需观察板块延续性。,20260706,0,,,20260703
41,920200.BJ,振宏股份,20260703,2026-07-03,34.45,6.5244,0,0,电气设备,100.0,76.64250731707322,66.95379609756111,35.8842,100.0,55.3,,,75.11500000000001,D级,所属板块强度靠前，个股涨幅和量价强度较高，收盘位置较好且资金承接较强。,当前主要风险可控，但次日仍需观察板块延续性。,20260706,0,,,20260703
42,002920.SZ,德赛西威,20260703,2026-07-03,86.48,6.6469,0,0,汽车配件,100.0,84.68356315789477,66.8014589473685,36.55795,100.0,55.3,,,75.11500000000001,D级,所属板块强度靠前，个股涨幅和量价强度较高，收盘位置较好且资金承接较强。,当前主要风险可控，但次日仍需观察板块延续性。,20260706,0,,,20260703
43,300745.SZ,欣锐科技,20260703,2026-07-03,47.99,11.3199,0,0,汽车配件,100.0,100.0,66.67947885022694,62.25945,100.0,57.18577912254159,,,74.26639939485628,D级,所属板块强度靠前，个股涨幅和量价强度较高，收盘位置较好且资金承接较强。,当前主要风险可控，但次日仍需观察板块延续性。,20260706,0,,,20260703
44,300223.SZ,北京君正,20260703,2026-07-03,259.56,10.6064,0,0,半导体,100.0,99.752838585209,66.64076488745982,58.3352,100.0,55.3,,,75.11500000000001,D级,所属板块强度靠前，个股涨幅和量价强度较高，收盘位置较好且资金承接较强。,当前主要风险可控，但次日仍需观察板块延续性。,20260706,0,,,20260703
45,688661.SH,和林微纳,20260703,2026-07-03,174.37,11.4114,0,0,元器件,100.0,100.0,66.59028085106384,62.7627,100.0,55.3,,,75.11500000000001,D级,所属板块强度靠前，个股涨幅和量价强度较高，收盘位置较好且资金承接较强。,当前主要风险可控，但次日仍需观察板块延续性。,20260706,0,,,20260703
46,301007.SZ,德迈仕,20260703,2026-07-03,37.5,8.7903,0,0,汽车配件,100.0,99.39065227882037,66.24837501340483,48.346650000000004,100.0,55.3,,,75.11500000000001,D级,所属板块强度靠前，个股涨幅和量价强度较高，收盘位置较好且资金承接较强。,当前主要风险可控，但次日仍需观察板块延续性。,20260706,0,,,20260703
47,605186.SH,健麾信息,20260703,2026-07-03,33.26,8.4094,0,0,专用机械,100.0,90.59875454545454,66.03461999999999,46.2517,100.0,55.3,,,75.11500000000001,D级,所属板块强度靠前，个股涨幅和量价强度较高，收盘位置较好且资金承接较强。,当前主要风险可控，但次日仍需观察板块延续性。,20260706,0,,,20260703
48,002284.SZ,亚太股份,20260703,2026-07-03,10.41,6.5507,0,0,汽车配件,100.0,82.09282207792208,65.65342857142858,36.02885,100.0,55.3,,,75.11500000000001,D级,所属板块强度靠前，个股涨幅和量价强度较高，收盘位置较好且资金承接较强。,当前主要风险可控，但次日仍需观察板块延续性。,20260706,0,,,20260703
49,688698.SH,伟创电气,20260703,2026-07-03,61.5,11.2116,0,0,电气设备,100.0,100.0,65.64572444444447,61.6638,100.0,55.3,,,75.11500000000001,D级,所属板块强度靠前，个股涨幅和量价强度较高，收盘位置较好且资金承接较强。,当前主要风险可控，但次日仍需观察板块延续性。,20260706,0,,,20260703
50,688322.SH,奥比中光,20260703,2026-07-03,147.33,13.3221,0,0,元器件,100.0,100.0,65.64250704225353,73.27155,100.0,55.3,,,75.11500000000001,D级,所属板块强度靠前，个股涨幅和量价强度较高，收盘位置较好且资金承接较强，短线动量保持向上。,当前主要风险可控，但次日仍需观察板块延续性。,20260706,0,,,20260703
