trade_date,update_time,ts_code,name,price,open,high,low,close,pre_close,pct_chg,amount,volume,turnover_rate,volume_ratio,sector_name,sector_rank,sector_limitup_count,sector_gt6_count,sector_amount_ratio,sector_net_inflow,sector_turnover,sector_hot_score,pre_day_limitup,today_limitup,today_limit_up_price,prev_limit_up_price,ret_5d,ret_20d,ret_3d,ret_10d,amount_ratio_5d,amount_ratio_20d,turnover_rate_5d_avg,close_position,intraday_pullback_pct,open_to_close_pct,gap_open_pct,amplitude,high_20d_break,platform_break_20d,stage_high_20d,ma5_position,ma10_position,ma20_position,intraday_vwap_position,late_pullback_pct,late_price_change_pct,late_volume_ratio,tail_lift_flag,dragon_tiger_flag,dragon_tiger_net_rate,dragon_tiger_reason,limit_touch_count,open_board_count,limitup_quality_score,intraday_risk_score,announcement_flag,hot_topic_flag,auction_price,auction_vol,auction_amount,auction_pct_chg,auction_amount_ratio,auction_strength_score,realtime_source,stock_age_days,suspended_flag,delist_flag,data_quality_flag,limit_up_pct,is_st,sector_strength_score,stock_strength_score,acceptance_score,momentum_score,capital_score,pattern_score,high_open_low_walk_flag,volume_price_sync_flag,turnover_rate_vs_5d,risk_penalty_score,p_limitup_t1,wp_score,p_limitup_t1_raw,calibration_sample_count,self_learning_adjustment,model_confidence,data_source_penalty,signal_level,core_reason,risk_reason
20260708,20260708 13:56:21,920207.BJ,众诚科技,26.12,21.85,26.99,21.85,26.12,21.72,20.25782688766116,198069123.16,7933747,5.438,1.28,软件服务,99.0,0.0,15,16.674857907102165,0,2.70767311827957,75.0,0,0,28.23,28.236,22.686707374354164,1.1227255129694358,19.706691109074235,15.67759078830826,3.3372281871845457,3.612458369596593,5.438,83.07392996108953,3.330781010719752,19.54233409610984,0.5985267034990915,23.6648250460405,0.0,0.0,27.36,21.004354674325956,21.96488606649234,15.32517991964326,4.535752401280679,3.330781010719752,-0.0,1.0,0,0.0,0.0,,0.0,0.0,0.0,100.0,0,0,21.85,100456.0,2194963.6,0.0,0.0,0.0,realtime_quote_fallback,1384.0,0,0,0,30.0,False,100.0,100.0,86.90011504936507,100.0,100.0,69.69771194760341,0,1,1.0,64.0824761195671,5.394596536837202,79.84428957736141,99.31327323819397,340,-93.91867670135677,66.1628857461948,10.0,B级,板块强、个股强、承接好,分钟缺、回落大、校准-
20260708,20260708 13:56:21,688361.SH,中科飞测,413.91,365.0,422.64,363.91,413.91,356.6,16.071228266965786,4875587852.0,12476260,3.271,0.8,半导体,99.0,0.0,10,104.2772982764688,0,6.078312371134021,50.0,0,0,427.92,427.92,-1.9170616113744043,103.81623005712032,21.02631578947369,32.519049753473794,0.908477997681289,1.4700462928510551,3.271,85.1353652307169,2.109154163948679,13.400000000000013,2.3555804823331306,16.469433538979235,0.0,0.0,458.98,13.736535502308222,14.176399516713678,38.08414956363928,3.437848824617218,2.109154163948679,-0.0,1.0,0,0.0,0.0,,0.0,0.0,0.0,100.0,0,0,365.0,66082.0,24119930.0,0.0,0.0,0.0,realtime_quote_fallback,1146.0,0,0,0,20.0,False,100.0,100.0,65.4333764085248,56.481365798406856,100.0,67.05414609228677,0,1,1.0,100.0,5.227043907328575,62.08751916615998,92.61116805784891,340,-87.38412415052034,50.0,10.0,C级,板块强、个股强、承接好,分钟缺、风险高、校准-
20260708,20260708 13:56:12,301345.SZ,涛涛车业,285.47,247.0,285.47,240.0,285.47,248.26,14.988318698139055,845425033.4,3340427,7.8245,1.2,摩托车,99.0,0.0,1,0.6351160852332257,0,2.5652461538461537,5.0,0,0,297.91,297.912,25.211632089126716,42.94942413620433,23.57473702437125,32.90037243947859,1.4277880914419936,2.2526537524137784,7.8245,100.0,0.0,15.574898785425106,-0.507532425682744,18.315475710948213,1.0,1.0,259.8,20.08867724511605,23.488672887170114,30.33999255774027,5.607073272991836,0.0,-0.0,1.0,0,0.0,0.0,,0.0,0.0,0.0,100.0,0,0,247.0,8100.0,2000700.0,0.0,0.0,0.0,realtime_quote_fallback,1205.0,0,0,0,20.0,False,0.0,100.0,100.0,100.0,100.0,100.0,0,1,1.0,62.48010048716367,5.241029878265262,54.37997487820908,93.17060689531635,340,-87.92957701705109,66.88395478077635,10.0,B级,个股强、承接好、动量上,分钟缺、校准-
20260708,20260708 13:56:09,300821.SZ,东岳硅材,26.58,23.1,27.3,23.1,26.58,23.3,14.077253218884112,4092726941.63,163874057,15.1022,1.55,化工原料,99.0,0.0,4,23.05481385279601,0,4.333201960784313,20.0,0,0,27.96,27.96,20.10845006778128,50.59490084985836,36.30769230769231,37.01030927835052,1.3971215196652265,1.812651484723223,15.1022,82.85714285714279,2.708803611738153,15.064935064935048,-0.8583690987124415,18.02575107296137,1.0,1.0,24.95,22.62410038752538,28.542412225553694,35.14681581288927,3.585346843335935,2.708803611738153,-0.0,1.0,0,0.0,0.0,,0.0,0.0,0.0,100.0,0,0,23.1,2085200.0,48168120.0,0.0,0.0,0.0,realtime_quote_fallback,2309.0,0,0,0,20.0,False,100.0,100.0,78.45424659848109,100.0,100.0,98.12225628448802,0,1,1.0,74.49768252419639,5.3873094253336395,76.97254150287151,99.02178877805147,340,-93.63447935271783,61.47604286411162,10.0,C级,板块强、个股强、承接好,分钟缺、风险高、校准-
20260708,20260708 13:56:06,300287.SZ,飞利信,3.84,3.36,4.02,3.35,3.84,3.38,13.609467455621305,482149918.62,127714913,2.8219,0.49,软件服务,99.0,0.0,15,16.674857907102165,0,2.70767311827957,75.0,0,0,4.06,4.056,-0.2597402597402709,2.127659574468077,6.9637883008356605,12.941176470588234,1.7061733034428468,3.143246943062046,2.8219,73.13432835820898,4.6875,14.28571428571428,-0.591715976331364,19.822485207100577,1.0,0.0,3.96,6.666666666666665,12.313541971336628,9.682947729220226,2.765388046387152,4.6875,-0.0,1.0,0,0.0,0.0,,0.0,0.0,0.0,100.0,0,0,3.36,63800.0,214368.0,0.0,0.0,0.0,realtime_quote_fallback,5271.0,0,0,0,20.0,False,100.0,100.0,61.13065202145917,88.46482251609211,100.0,72.79574317760313,0,1,1.0,67.61198224852069,5.368695122873929,72.80940425265103,98.27721667966304,340,-92.90852155678911,64.5746079881657,10.0,C级,板块强、个股强、动量上,分钟缺、风险高、回落大
20260708,20260708 13:56:22,688347.SH,华虹宏力,367.99,327.68,377.0,317.0,367.99,324.0,13.577160493827156,8669672673.0,25136459,5.4753,0.92,半导体,99.0,0.0,10,104.2772982764688,0,6.078312371134021,50.0,0,0,388.8,388.8,16.596432305693742,61.8249780123131,29.119298245614036,16.44884655548875,1.1437506412681064,1.2323969918665312,5.4753,84.98333333333335,2.4484360988070275,12.3016357421875,1.1358024691358048,18.51851851851852,1.0,1.0,347.8,21.145780522652903,16.320015172588185,30.49522154648132,3.952956242525829,2.4484360988070275,-0.0,1.0,0,0.0,0.0,,0.0,0.0,0.0,100.0,0,0,327.68,56045.0,18364826.0,0.0,0.0,0.0,realtime_quote_fallback,1066.0,0,0,0,20.0,False,100.0,100.0,63.868436745204356,100.0,100.0,98.57851851851852,0,1,1.0,84.16847285358021,5.362324653443659,71.66049506157174,98.02239790245227,340,-92.6600732490086,57.124187215888895,10.0,C级,板块强、个股强、动量上,分钟缺、风险高、校准-
20260708,20260708 13:56:09,301165.SZ,锐捷网络,107.3,100.02,109.4,100.02,107.3,94.51,13.5329594751878,3444514165.85,32603193,3.0207,0.89,通信设备,99.0,0.0,5,38.24591226851635,0,3.923015328467153,25.0,0,0,113.41,113.412,24.88361266294225,81.55668358714043,13.07830119085256,60.65279233418175,0.9099011178169756,2.232236476298485,3.0207,77.61194029850739,1.9571295433364444,7.278544291141764,5.830070891969097,9.924875674531805,1.0,1.0,107.99,15.98244590008,32.86773901952773,50.00279595146226,1.635514018691575,1.9571295433364444,-0.0,1.0,0,0.0,0.0,,0.0,0.0,0.0,100.0,0,0,100.02,608240.0,60836164.8,0.0,0.0,0.0,realtime_quote_fallback,1325.0,0,0,0,20.0,False,100.0,100.0,68.06406006456162,100.0,100.0,96.04477611940295,0,1,1.0,100.0,5.33394463034098,68.41505081888248,96.88719697834507,340,-91.5532523480041,50.0,10.0,C级,板块强、个股强、承接好,分钟缺、风险高、校准-
20260708,20260708 13:56:21,920190.BJ,雷神科技,26.17,23.28,27.48,23.0,26.17,23.18,12.899050905953423,288372494.14,11230006,4.5418,0.98,IT设备,99.0,0.0,8,12.475292888114708,0,2.999956790123457,40.0,0,0,30.13,30.134,16.207815275310857,-9.44636678200691,11.030971574034789,6.468673718470308,2.7559003980817427,1.7374470262463615,4.5418,70.7589285714286,5.005731753916698,12.414089347079038,0.4314063848144922,19.32700603968939,0.0,0.0,31.31,14.259517988124326,14.26450683316598,8.528417691334745,2.426614481408995,5.005731753916698,-0.0,1.0,0,0.0,0.0,,0.0,0.0,0.0,100.0,0,0,23.28,65758.0,1530846.24,0.0,0.0,0.0,realtime_quote_fallback,1293.0,0,0,0,30.0,False,84.0058361573559,100.0,54.57413305362609,97.61727267083738,100.0,68.24196659681994,0,1,1.0,68.92679777112745,5.334036442550012,67.05870361207486,96.89086946670636,340,-91.55683302415635,63.982941002992646,10.0,C级,板块强、个股强、动量上,分钟缺、风险高、回落大
20260708,20260708 13:56:20,688368.SH,晶丰明源,202.8,180.9,207.9,180.0,202.8,179.69,12.861038455117146,899279624.0,4638600,2.0326,0.71,半导体,99.0,0.0,10,104.2772982764688,0,6.078312371134021,50.0,0,0,215.63,215.628,0.401009950987663,17.61294438322798,7.878078621203266,-8.689779378658258,1.464675011194887,1.0997151169971404,2.0326,81.72043010752691,2.51479289940828,12.106135986733,0.6733819355556836,15.526740497523516,0.0,0.0,231.2,7.58278251090152,-0.3645439270519079,1.481946671937595,2.996444895886241,2.51479289940828,-0.0,1.0,0,0.0,0.0,,0.0,0.0,0.0,100.0,0,0,180.9,9460.0,1711314.0,0.0,0.0,0.0,realtime_quote_fallback,2459.0,0,0,0,20.0,False,100.0,100.0,58.78613253157022,60.04502125708285,100.0,69.68817204301077,0,1,1.0,55.3,5.366403387088523,72.42113723417286,98.18554724824683,340,-92.81914386115831,70.11500000000001,10.0,B级,板块强、个股强、量价齐,分钟缺、校准-
20260708,20260708 13:56:12,301397.SZ,溯联股份,39.36,34.98,39.68,34.94,39.36,34.98,12.521440823327625,288610895.65,7744180,6.7433,1.24,汽车配件,99.0,0.0,2,11.029377601634218,0,3.0411781132075477,10.0,0,0,41.98,41.97599999999999,18.198198198198213,24.164037854889585,14.7521865889213,23.579277864992143,2.016297960986793,2.1769449575785647,6.7433,93.24894514767932,0.8130081300812941,12.521440823327625,0.0,13.55060034305318,1.0,1.0,36.37,15.452305526223164,20.304428890179427,21.42901215524158,3.597122302158273,0.8130081300812941,-0.0,1.0,0,0.0,0.0,,0.0,0.0,0.0,100.0,0,0,34.98,18500.0,647130.0,0.0,0.0,0.0,realtime_quote_fallback,1106.0,0,0,0,20.0,False,17.608141089288132,100.0,90.54731992061699,100.0,100.0,100.0,0,1,1.0,55.3,5.308738068420922,59.56690631090983,95.87893450154276,340,-90.57019643312184,70.11500000000001,10.0,B级,个股强、承接好、动量上,分钟缺、校准-
20260708,20260708 13:56:09,300588.SZ,熙菱信息,24.67,23.39,26.32,23.39,24.67,21.93,12.494300045599635,467857411.54,18713616,3.0011,1.2,IT设备,99.0,0.0,8,12.475292888114708,0,2.999956790123457,40.0,0,0,26.32,26.316,10.232350312779271,31.08395324123274,16.148775894538623,7.354221061792865,4.878561857418477,3.2905963788318737,3.0011,43.68600682593861,6.688285366842317,5.472424112868746,6.657546739626086,13.360693114455083,1.0,1.0,25.89,14.191816330309193,11.452450869663444,14.47795823665894,-0.4974455498789942,6.688285366842317,-0.0,1.0,0,0.0,0.0,,0.0,0.0,0.0,100.0,0,0,23.39,128600.0,3007954.0,0.0,0.0,0.0,realtime_quote_fallback,3471.0,0,0,0,20.0,False,84.0058361573559,100.0,15.951802292217494,100.0,100.0,58.474402730375445,1,0,1.0,100.0,4.877494512106908,51.31583144216904,78.62919224898222,340,-73.75169773687531,50.0,10.0,C级,板块强、个股强、动量上,分钟缺、风险高、位置差
20260708,20260708 13:56:09,300567.SZ,精测电子,301.55,272.85,306.36,263.09,301.55,269.0,12.100371747211902,3003313310.74,10494415,3.7317,0.72,电器仪表,99.0,0.0,1,4.63908409020948,0,3.167835514018692,5.0,0,0,322.8,322.8,-0.6817732692181,59.65163066497248,14.258108517732635,20.07725082626528,0.964004534939366,1.1342862645713725,3.7317,88.88375317772129,1.595092024539868,10.518599963349828,1.431226765799254,16.085501858736073,0.0,0.0,335.12,9.809476643409631,8.674890712450289,25.359335019756955,3.863375430539629,1.595092024539868,-0.0,1.0,0,0.0,0.0,,0.0,0.0,0.0,100.0,0,0,272.85,11499.0,3137502.15,0.0,0.0,0.0,realtime_quote_fallback,3515.0,0,0,0,20.0,False,0.0,100.0,57.9257444017328,80.30425232470222,100.0,60.553501271088514,0,0,1.0,79.20777213045322,13.299892886379919,37.841306143757905,58.47940016372755,10,-45.179507277347625,54.523169207962724,10.0,C级,个股强、动量上、均价上,分钟缺、风险高、校准-
20260708,20260708 13:56:19,688138.SH,清溢光电,46.32,41.2,47.99,38.0,46.32,41.49,11.641359363702096,887611845.0,20467653,3.5738,0.64,半导体,99.0,0.0,10,104.2772982764688,0,6.078312371134021,50.0,0,0,49.79,49.788000000000004,-8.07699940464378,42.52307692307693,9.27105449398442,15.396113602391637,1.2214624603256816,1.200673490355614,3.5738,83.28328328328327,3.605354058721933,12.427184466019405,-0.6989636056881188,24.078091106290675,0.0,0.0,53.49,4.6637744034707,5.591902797091208,14.308276985341273,5.02607512659663,3.605354058721933,-0.0,1.0,0,0.0,0.0,,0.0,0.0,0.0,100.0,0,0,41.2,23518.0,968942.0,0.0,0.0,0.0,realtime_quote_fallback,2422.0,0,0,0,20.0,False,100.0,100.0,55.36074437138484,70.28775913867611,100.0,61.45084042828076,0,1,1.0,72.24429521834195,5.329961768391113,68.11239300497311,96.72788250035043,340,-91.39792073195932,62.49006715174613,10.0,C级,板块强、个股强、动量上,分钟缺、风险高、回落大
20260708,20260708 13:56:09,300504.SZ,天邑股份,17.25,15.33,18.36,15.32,17.25,15.47,11.506140917905627,419659776.9,24748498,4.8101,0.95,通信设备,99.0,0.0,5,38.24591226851635,0,3.923015328467153,25.0,0,0,18.56,18.564,8.764186633039106,-5.994550408719357,7.54364089775561,-7.9999999999999964,2.3532493179258216,2.041462789978598,4.8101,63.486842105263165,6.434782608695655,12.524461839530332,-0.9049773755656187,19.65093729799612,0.0,0.0,19.84,9.108159392789371,5.330646638578473,-0.4214050684061665,1.6100530139407043,6.434782608695655,-0.0,1.0,0,0.0,0.0,,0.0,0.0,0.0,100.0,0,0,15.33,19600.0,300468.0,0.0,0.0,0.0,realtime_quote_fallback,3022.0,0,0,0,20.0,False,100.0,100.0,35.63831009699582,64.35648812809436,100.0,65.07398700370837,0,1,1.0,80.82074146240085,5.225500542166124,61.6118248167938,92.54943345135084,340,-87.32393290918472,58.63066634191962,10.0,C级,板块强、个股强、量价齐,分钟缺、风险高、回落大
20260708,20260708 13:56:21,920699.BJ,海达尔,131.43,120.8,136.0,118.0,131.43,117.99,11.3907958301551,195000308.31,1549059,9.197,0.78,家用电器,99.0,0.0,2,4.068525847273343,0,2.443543956043956,10.0,0,0,153.38,153.387,41.42903260518669,88.83620689655174,20.56692046601229,82.54166666666667,0.7254874063820579,1.6588591675199955,9.197,74.61111111111116,3.4771361180856664,8.799668874172184,2.381557759132136,15.255530129672008,0.0,1.0,138.0,18.880929121892983,46.16000533795959,65.29684385277604,2.2987312871338705,3.4771361180856664,-0.0,1.0,0,0.0,0.0,,0.0,0.0,0.0,100.0,0,0,120.8,27906.0,3371044.8,0.0,0.0,0.0,realtime_quote_fallback,1156.0,0,0,0,30.0,False,0.0,100.0,58.29227115028419,94.52598538977784,100.0,82.84444444444446,0,1,1.0,100.0,11.793385716504371,35.25327499125685,50.04296001242447,10,-38.2495742959201,45.166666666666664,10.0,C级,个股强、动量上、量价齐,分钟缺、风险高、回落大
20260708,20260708 13:56:09,301291.SZ,明阳电气,39.38,36.0,39.99,35.61,39.38,35.36,11.36877828054299,625071982.57,16363862,6.9636,1.47,电气设备,99.0,0.0,4,28.660977380609857,0,3.7149494219653176,20.0,0,0,42.43,42.431999999999995,11.274371291325249,-14.22348072315398,8.814589665653516,1.7571059431524594,1.91837001839667,1.9317432775508707,6.9636,86.07305936073062,1.5490096495683003,9.388888888888893,1.8099547511312155,12.386877828054306,0.0,0.0,46.09,10.7922574836822,9.110052089105626,0.1793459596280966,2.7483040528787805,1.5490096495683003,-0.0,1.0,0,0.0,0.0,,0.0,0.0,0.0,100.0,0,0,36.0,66400.0,2390400.0,0.0,0.0,0.0,realtime_quote_fallback,1104.0,0,0,0,20.0,False,100.0,100.0,77.93217320732474,75.52235909203891,100.0,75.42922374429224,0,1,1.0,55.3,5.390352504442877,78.08513173788344,99.14351194242097,340,-93.7531594379781,70.11500000000001,10.0,B级,板块强、个股强、承接好,分钟缺、校准-
20260708,20260708 13:56:20,688448.SH,磁谷科技,63.89,60.0,66.71,59.7,63.89,57.39,11.326014985189058,706143231.0,11247997,5.1149,1.21,专用机械,99.0,0.0,4,22.335948008348097,0,3.7755020618556703,20.0,0,0,68.87,68.868,9.363231769941804,14.518730955368351,17.078981125160354,14.028199179011237,2.8012705593342115,3.5213076373875287,5.1149,59.771754636234,4.413836281108141,6.48333333333333,4.547830632514383,12.214671545565414,1.0,1.0,66.66,11.496980908170752,9.942868942731264,12.475463659809694,0.7199159222280649,4.413836281108141,-0.0,1.0,0,0.0,0.0,,0.0,0.0,0.0,100.0,0,0,60.0,153768.0,9226080.0,0.0,0.0,0.0,realtime_quote_fallback,1386.0,0,0,0,20.0,False,100.0,100.0,49.578164891295884,100.0,100.0,80.9087018544936,0,0,1.0,68.38572810034354,5.364202595341515,71.86463604589797,98.09751557836648,340,-92.73331298302497,64.2264223548454,10.0,C级,板块强、个股强、动量上,分钟缺、风险高、回落大
20260708,20260708 13:56:09,301183.SZ,东田微,228.15,208.3,237.86,208.3,228.15,204.96,11.314402810304449,1354511673.03,6102366,4.6428,0.48,元器件,99.0,0.0,9,62.93666615516602,0,5.194941100323625,45.0,0,0,245.95,245.952,-9.099964141997685,8.235684804782007,0.8442362093352251,-11.877172653534174,1.3104206744771902,0.8469660455492415,4.6428,67.15155615696885,4.255971948279647,9.529524723955827,1.6295862607337952,14.42232630757221,0.0,0.0,268.9,1.789968680009646,-4.374905695173281,-4.034625770793554,1.5037593984962294,4.255971948279647,-0.0,1.0,0,0.0,0.0,,0.0,0.0,0.0,100.0,0,0,208.3,8200.0,1708060.0,0.0,0.0,0.0,realtime_quote_fallback,1506.0,0,0,0,20.0,False,100.0,100.0,38.64071618224608,26.267495267665524,100.0,55.860622462787546,0,1,1.0,64.1176314190419,5.234880856783515,62.11851603159465,92.92464603604648,340,-87.68976517926296,66.14706586143114,10.0,B级,板块强、个股强、量价齐,分钟缺、回落大、校准-
20260708,20260708 13:56:21,920088.BJ,科力股份,34.88,34.55,36.0,33.0,34.88,31.35,11.259968102073367,193892096.63,5609089,6.5705,0.86,石油开采,99.0,0.0,2,2.115729764652287,0,3.4947857142857144,10.0,0,0,40.75,40.755,3.2258064516129226,-15.728436820488035,3.1952662721893565,-1.6078984485190406,2.48668655566879,1.1615555014738217,6.5705,62.66666666666675,3.2110091743119185,0.9551374819102952,10.207336523125976,9.569377990430622,0.0,0.0,49.4,5.960264900662282,5.072900349439702,-5.723359686465301,0.7316134000770136,3.2110091743119185,-0.0,1.0,0,0.0,0.0,,0.0,0.0,0.0,100.0,0,0,34.55,100810.0,3482985.5,0.0,0.0,0.0,realtime_quote_fallback,617.0,0,0,0,30.0,False,0.0,100.0,58.06798083515207,51.866372595020714,100.0,66.0666666666667,0,1,1.0,59.86605504587147,4.5650288670586425,40.137052998397955,66.13056644705159,340,-61.56553757999295,68.06027522935784,10.0,C级,个股强、量价齐,分钟缺、回落大、校准-
20260708,20260708 13:56:18,688141.SH,杰华特,180.92,168.0,185.0,162.92,180.92,162.92,11.048367296832806,2871567095.0,16466789,2.9213,0.83,半导体,99.0,0.0,10,104.2772982764688,0,6.078312371134021,50.0,0,0,195.5,195.504,21.79884206274405,74.46480231436836,15.974358974358973,26.10301805255453,1.165220698519834,1.236252484040695,2.9213,81.52173913043474,2.2551403935441083,7.690476190476181,3.1180947704394946,13.552663884114914,1.0,1.0,171.1,15.984767863782643,19.565935736283468,29.64714650156217,2.6321760835035235,2.2551403935441083,-0.0,1.0,0,0.0,0.0,,0.0,0.0,0.0,100.0,0,0,168.0,128864.0,21649152.0,0.0,0.0,0.0,realtime_quote_fallback,1293.0,0,0,0,20.0,False,100.0,100.0,57.93089920006736,100.0,100.0,97.6086956521739,0,1,1.0,100.0,5.312626957684461,66.46661462262216,96.03449007208437,340,-90.72186311439991,50.0,10.0,C级,板块强、个股强、动量上,分钟缺、风险高、校准-
20260708,20260708 13:56:21,920493.BJ,并行科技,114.8,105.0,115.58,104.18,114.8,103.91,10.480223270137625,269081046.16,2421072,1.5964,0.45,软件服务,99.0,0.0,15,16.674857907102165,0,2.70767311827957,75.0,0,0,135.08,135.083,2.683363148479434,-18.903645097485168,4.013771858294812,-7.344632768361592,1.8728103982513875,1.4343692806760528,1.5964,93.1578947368421,0.6794425087107925,9.333333333333329,1.0489846982965956,10.97103262438648,0.0,0.0,145.5,5.604003385215428,3.889522361586217,-5.487566428327384,2.941176470588247,0.6794425087107925,-0.0,1.0,0,0.0,0.0,,0.0,0.0,0.0,100.0,0,0,105.0,1922.0,201810.0,0.0,0.0,0.0,realtime_quote_fallback,980.0,0,0,0,30.0,False,100.0,100.0,80.4913508872572,45.94075523833688,100.0,78.26315789473685,0,1,1.0,55.3,5.382228692796427,75.78050359602196,98.81855947656297,340,-93.43633078376654,70.11500000000001,10.0,B级,板块强、个股强、承接好,分钟缺、校准-
20260708,20260708 13:56:09,301277.SZ,新天地,10.19,9.26,10.87,9.13,10.19,9.24,10.281385281385267,134072131.11,13130603,0.802,0.73,化学制药,99.0,0.0,2,9.861439329966334,0,3.578965540540541,10.0,0,0,11.09,11.088,9.56989247311826,9.80603448275863,6.035379812695108,10.162162162162147,3.341870178035816,4.450816434589128,0.802,60.91954022988504,6.67320902845927,10.043196544276457,0.2164502164502035,18.831168831168814,1.0,1.0,9.79,8.013567945728205,10.7608695652174,11.044515882961893,1.2586949320967156,6.67320902845927,-0.0,1.0,0,0.0,0.0,,0.0,0.0,0.0,100.0,0,0,9.26,18800.0,174088.0,0.0,0.0,0.0,realtime_quote_fallback,1330.0,0,0,0,20.0,False,0.0,100.0,52.715007704622536,98.62848547167815,100.0,88.70288102701896,0,1,1.0,82.42286366470992,4.512252906971846,39.23527822326579,64.01952804357973,340,-59.50727513660788,57.90971135088054,10.0,C级,个股强、动量上、量价齐,分钟缺、风险高、回落大
20260708,20260708 13:56:12,301369.SZ,联动科技,241.43,220.01,253.18,219.8,241.43,219.0,10.242009132420105,949646180.28,4009126,3.2668,0.69,半导体,99.0,0.0,10,104.2772982764688,0,6.078312371134021,50.0,0,0,262.8,262.8,1.4411764705882346,33.18071491615182,11.515011547344113,4.289416846652272,1.7593777234207135,1.7775852528700202,3.2668,64.79928100659077,4.86683510748458,9.735921094495705,0.4611872146118578,15.24200913242009,0.0,0.0,260.54,7.700474644016997,5.716475095785434,13.753834120967422,1.3829593650704686,4.86683510748458,-0.0,1.0,0,0.0,0.0,,0.0,0.0,0.0,100.0,0,0,220.01,5900.0,1298059.0,0.0,0.0,0.0,realtime_quote_fallback,1385.0,0,0,0,20.0,False,100.0,100.0,37.32298844909498,72.66282901013753,100.0,66.9197124026363,0,1,1.0,68.84133419194163,5.3053891623113,65.86653266297915,95.74497825715788,340,-90.43958909484658,64.02139961362627,10.0,C级,板块强、个股强、动量上,分钟缺、风险高、回落大
20260708,20260708 13:56:22,688343.SH,云天励飞,87.27,80.84,88.83,80.7,87.27,79.47,9.815024537561335,2339698637.0,27300598,4.3021,0.83,软件服务,99.0,0.0,15,16.674857907102165,0,2.70767311827957,75.0,0,0,95.36,95.36399999999999,7.053483807654559,35.89224540641545,5.525997581620312,15.192713833157324,1.621848865151393,1.8875221275412,4.3021,80.81180811808115,1.787555861120671,7.953983176645218,1.7239209764691177,10.230275575688934,1.0,1.0,86.49,7.340532828220714,10.79794324890495,18.623333197406524,1.9509345794392448,1.787555861120671,-0.0,1.0,0,0.0,0.0,,0.0,0.0,0.0,100.0,0,0,80.84,52193.0,4219282.0,0.0,0.0,0.0,realtime_quote_fallback,1191.0,0,0,0,20.0,False,100.0,100.0,68.67010448876748,100.0,100.0,97.32472324723247,0,1,1.0,56.013796325132354,5.395091272015732,79.59680797883203,99.33306264533513,340,-93.9379713733194,69.79379165369045,10.0,B级,板块强、个股强、承接好,分钟缺、校准-
20260708,20260708 13:56:09,300590.SZ,移为通信,14.94,13.7,15.29,13.53,14.94,13.65,9.450549450549438,356095429.12,24587408,4.2662,0.94,通信设备,99.0,0.0,5,38.24591226851635,0,3.923015328467153,25.0,0,0,16.38,16.38,3.105590062111796,-1.059602649006619,5.8073654390934815,-1.3210039630118908,1.657847122415619,1.3128065632537738,4.2662,80.11363636363639,2.3427041499330725,9.051094890510946,0.366300366300365,12.893772893772892,0.0,0.0,16.38,6.334519572953723,5.292832475861564,1.6879934658317497,2.4223034734917714,2.3427041499330725,-0.0,1.0,0,0.0,0.0,,0.0,0.0,0.0,100.0,0,0,13.7,43400.0,594580.0,0.0,0.0,0.0,realtime_quote_fallback,3465.0,0,0,0,20.0,False,100.0,100.0,62.87187089595145,51.14622485174289,100.0,73.04545454545456,0,1,1.0,55.3,5.366780606094249,72.51626939163731,98.20063600847583,340,-92.83385540238157,70.11500000000001,10.0,B级,板块强、个股强、量价齐,分钟缺、校准-
20260708,20260708 13:56:21,688158.SH,优刻得,35.44,32.86,36.0,32.85,35.44,32.4,9.382716049382722,1075428234.0,31023037,4.1732,0.67,软件服务,99.0,0.0,15,16.674857907102165,0,2.70767311827957,75.0,0,0,38.88,38.879999999999995,-3.72181472425972,-1.8554417058986528,1.1126961483594933,-8.77734877734878,1.370236004117082,1.1077878272687645,4.1732,82.22222222222214,1.5801354401805856,7.851491174680447,1.4197530864197505,9.722222222222218,0.0,0.0,40.0,2.020841729518108,0.3539572419651637,-1.5992892047978935,1.9464953495061943,1.5801354401805856,-0.0,1.0,0,0.0,0.0,,0.0,0.0,0.0,100.0,0,0,32.86,36491.0,1199094.0,0.0,0.0,0.0,realtime_quote_fallback,2361.0,0,0,0,20.0,False,100.0,96.52509790947988,64.3307890539102,28.927464899250378,100.0,65.88888888888886,0,1,1.0,55.3,5.34342900598642,69.35962322252149,97.26657200416268,340,-91.92314299817626,70.11500000000001,10.0,B级,板块强、个股强、量价齐,分钟缺、校准-
20260708,20260708 13:56:22,688328.SH,深科达,87.51,80.19,91.6,74.85,87.51,80.06,9.305520859355475,771808417.0,9256176,5.6056,0.54,专用机械,99.0,0.0,4,22.335948008348097,0,3.7755020618556703,20.0,0,0,96.07,96.072,-3.271802807560509,33.07481751824817,6.2014563106796095,7.163850110213099,0.9486713856359285,1.2588999988916971,5.6056,75.58208955223887,4.673751571248985,9.128320239431352,0.1623782163377329,20.92180864351736,0.0,0.0,103.0,3.4446073100383057,3.3090535610988514,11.213486430327958,3.3745471727831378,4.673751571248985,-0.0,1.0,0,0.0,0.0,,0.0,0.0,0.0,100.0,0,0,80.19,21355.0,1712457.0,0.0,0.0,0.0,realtime_quote_fallback,1947.0,0,0,0,20.0,False,100.0,90.21077905895774,44.20235210422289,54.92183425903943,100.0,60.895388906081656,0,1,1.0,68.84867979971474,5.257477385193587,62.71794810686335,93.82850717244935,340,-88.57102978725577,64.01809409012836,10.0,C级,板块强、个股强、量价齐,分钟缺、风险高、回落大
20260708,20260708 13:56:20,688200.SH,华峰测控,506.1,472.55,529.98,460.0,506.1,463.28,9.242790537040246,3545854579.0,7197673,3.5882,1.01,半导体,99.0,0.0,10,104.2772982764688,0,6.078312371134021,50.0,0,0,555.94,555.9359999999999,-4.482400679437582,9.30885529157668,9.073275862068964,15.284738041002278,1.0265831959717322,1.3649038589587927,3.5882,65.87596456130325,4.718435091879081,7.099777801290874,2.000949749611469,15.10533586599897,0.0,0.0,570.0,7.656571071205231,6.107969733755181,19.06876509386577,1.485214694401371,4.718435091879081,-0.0,1.0,0,0.0,0.0,,0.0,0.0,0.0,100.0,0,0,472.55,23344.0,11031207.0,0.0,0.0,0.0,realtime_quote_fallback,2332.0,0,0,0,20.0,False,100.0,90.81979519886127,34.42634058851979,63.50039031455901,100.0,59.3503858245213,0,1,1.0,67.46642649868802,5.245325847926786,62.04116861542924,93.3424456817773,340,-88.09711983385051,64.64010807559039,10.0,C级,板块强、个股强、量价齐,分钟缺、风险高、回落大
20260708,20260708 13:56:15,600882.SH,妙可蓝多,19.61,18.2,19.67,17.85,19.61,17.96,9.187082405345205,327620353.0,17345606,3.1484,2.42,乳制品,99.0,0.0,2,0.4783100981164574,0,3.439390476190476,10.0,0,0,19.76,19.756000000000004,19.137302551640325,8.462389380530988,16.104203670811113,14.61133839859732,2.2266847736274378,2.059803158451053,3.1484,96.7032967032966,0.3059663437022131,7.747252747252742,1.3363028953229383,10.133630289532295,0.0,1.0,19.71,15.407250470809776,16.907118159055678,11.076496077487308,2.9756695256432764,0.3059663437022131,-0.0,1.0,0,0.0,0.0,,0.0,0.0,0.0,100.0,0,0,18.2,103100.0,1876420.0,0.0,0.0,0.0,realtime_quote_fallback,11172.0,0,0,0,10.0,False,0.0,100.0,90.72101751833378,100.0,95.76898607779731,91.68131868131864,0,1,1.0,55.3,5.223155032806163,53.480168045512414,92.45561307695243,340,-87.23245804414627,70.11500000000001,10.0,B级,个股强、承接好、动量上,分钟缺、校准-
20260708,20260708 13:56:09,301520.SZ,万邦医药,41.2,36.61,43.0,36.0,41.2,37.74,9.167991520932706,491719152.2,12187936,40.0732,0.99,生物制药,99.0,0.0,1,4.654148791635859,0,4.011339240506329,5.0,0,0,45.29,45.288000000000004,32.903225806451616,15.37384486138338,15.89310829817161,65.26273565984759,1.112275033112475,3.2751106888100514,40.0732,74.28571428571432,4.3689320388349495,12.537558044250208,-2.9941706412294766,18.547959724430317,1.0,1.0,41.8,18.581625604420918,34.12331532000783,40.28158463712357,2.828618968386021,4.3689320388349495,-0.0,1.0,0,0.0,0.0,,0.0,0.0,0.0,100.0,0,0,36.61,140100.0,5129061.0,0.0,0.0,0.0,realtime_quote_fallback,1017.0,0,0,0,20.0,False,0.0,100.0,82.91765080720837,100.0,100.0,94.27591793474147,0,1,1.0,77.53720393058673,4.990503699622408,46.91302507553206,83.14955974960223,340,-78.15905604997982,60.108258231235965,10.0,C级,个股强、承接好、动量上,分钟缺、风险高、回落大
20260708,20260708 13:56:03,000938.SZ,紫光股份,34.2,34.5,34.63,33.32,34.2,31.48,8.640406607369776,14005720382.08,408643189,9.8024,1.09,IT设备,99.0,0.0,8,12.475292888114708,0,2.999956790123457,40.0,0,0,34.63,34.628,14.266622118275984,29.64366944655044,12.945838837516522,23.64425162689805,1.6229292577484982,2.8577321953471437,9.8024,67.17557251908404,1.257309941520468,-0.8695652173912993,9.593392630241414,4.161372299872943,1.0,1.0,33.31,11.0173342855288,17.60660247592847,22.95081967213117,0.4405286343612369,1.257309941520468,-0.0,1.0,0,0.0,0.0,,0.0,0.0,0.0,100.0,0,0,34.5,13993316.0,482769402.0,0.0,0.0,0.0,realtime_quote_fallback,9743.0,0,0,0,10.0,False,84.0058361573559,100.0,80.5183638021655,100.0,100.0,91.87022900763361,0,1,1.0,56.57099236641218,5.390713450151169,76.75618696641851,99.15794977075264,340,-93.76723632060147,69.54305343511452,10.0,B级,板块强、个股强、承接好,分钟缺、校准-
20260708,20260708 13:56:16,603313.SH,梦百合,6.97,6.26,6.98,6.25,6.97,6.42,8.566978193146424,245541531.0,36358041,6.2502,1.55,家居用品,99.0,0.0,2,1.1074837287839343,0,2.426402816901408,10.0,0,0,7.06,7.062,13.33333333333333,32.761904761904745,18.941979522184283,37.20472440944882,1.7387578702804414,2.1566110688498057,6.2502,98.63013698630128,0.1434720229555264,11.341853035143767,-2.492211838006231,11.370716510903431,1.0,1.0,6.58,15.13049223653782,18.255853410247717,24.91039426523296,3.514851485148518,0.1434720229555264,-0.0,1.0,0,0.0,0.0,,0.0,0.0,0.0,100.0,0,0,6.26,246900.0,1545594.0,0.0,0.0,0.0,realtime_quote_fallback,3555.0,0,0,0,10.0,False,0.0,100.0,96.5066634007084,100.0,98.47794787626627,100.0,0,1,1.0,55.3,5.262309912723232,55.32412746776831,94.02180827363519,340,-88.75949836091195,70.11500000000001,10.0,B级,个股强、承接好、动量上,分钟缺、校准-
20260708,20260708 13:56:09,300768.SZ,迪普科技,16.46,15.07,17.3,15.07,16.46,15.17,8.503625576796313,380281717.46,23335569,3.4801,1.18,软件服务,99.0,0.0,15,16.674857907102165,0,2.70767311827957,75.0,0,0,18.2,18.204,16.325088339222617,9.733333333333348,11.972789115646275,14.384989576094508,1.7813618514033498,3.21112767935137,3.4801,62.33183856502244,5.103280680437416,9.223623092236233,-0.6591957811469928,14.700065919578115,1.0,1.0,16.45,10.30692936603672,14.679857869434976,13.96129746944994,1.1263567479008918,5.103280680437416,-0.0,1.0,0,0.0,0.0,,0.0,0.0,0.0,100.0,0,0,15.07,127500.0,1921425.0,0.0,0.0,0.0,realtime_quote_fallback,2644.0,0,0,0,20.0,False,100.0,100.0,51.536318736385795,100.0,100.0,89.93273542600897,0,1,1.0,71.37035672836438,5.365064637770061,71.96131133648652,98.13199727550833,340,-92.76693263773826,62.88333947223603,10.0,C级,板块强、个股强、动量上,分钟缺、风险高、回落大
20260708,20260708 13:56:20,688262.SH,国芯科技,42.24,39.27,43.0,37.54,42.24,38.94,8.474576271186463,819741539.0,20245041,4.0526,0.71,半导体,99.0,0.0,10,104.2772982764688,0,6.078312371134021,50.0,0,0,46.73,46.727999999999994,0.5474886931682965,26.46706586826348,10.431372549019624,2.375181774115376,1.1376362741755262,1.3340594923156333,4.0526,86.08058608058612,1.7992424242424088,7.563025210084029,0.847457627118664,14.021571648690296,0.0,0.0,45.33,6.322996375352408,4.201100229420041,10.16496055291125,3.208991692458052,1.7992424242424088,-0.0,1.0,0,0.0,0.0,,0.0,0.0,0.0,100.0,0,0,39.27,34913.0,1371034.0,0.0,0.0,0.0,realtime_quote_fallback,1644.0,0,0,0,20.0,False,100.0,89.96598247626274,66.71079285380938,58.47862548705893,100.0,75.43223443223445,0,1,1.0,55.3,5.3640804488336595,71.62812846014518,98.09262971805227,340,-92.7285492692186,70.11500000000001,10.0,B级,板块强、个股强、承接好,分钟缺、校准-
20260708,20260708 13:56:06,301151.SZ,冠龙节能,22.04,20.16,23.3,20.16,22.04,20.36,8.251473477406668,307391166.25,14010832,7.2549,2.46,机械基件,99.0,0.0,2,9.714972869657046,0,4.948894074074074,10.0,0,0,24.43,24.432,22.444444444444443,11.764705882352944,21.365638766519822,15.211709357030845,2.323020126056015,2.8443122470106226,7.2549,59.87261146496811,5.716878402903824,9.325396825396815,-0.982318271119842,15.422396856581535,1.0,1.0,21.38,18.15160287337836,21.53964927760006,16.220206707445662,0.9465648854961816,5.716878402903824,-0.0,1.0,0,0.0,0.0,,0.0,0.0,0.0,100.0,0,0,20.16,110300.0,2223648.0,0.0,0.0,0.0,realtime_quote_fallback,1549.0,0,0,0,20.0,False,0.0,100.0,35.947155619429665,100.0,100.0,80.94904458598725,0,0,1.0,76.15859525818729,13.18771248447269,37.19723453863847,57.851189913047065,10,-44.663477428574375,55.895298800482394,10.0,C级,个股强、动量上、新高,分钟缺、风险高、回落大
20260708,20260708 13:56:12,600488.SH,津药药业,5.4,5.07,5.49,4.81,5.4,4.99,8.21643286573146,881314367.0,164387557,9.7446,0.78,化学制药,99.0,0.0,2,9.861439329966334,0,3.578965540540541,10.0,0,0,5.49,5.489000000000001,5.882352941176494,-0.5524861878452914,3.4482758620689724,8.43373493975903,1.2726807783314034,1.701185063760338,9.7446,86.76470588235297,1.6666666666666607,6.5088757396449815,1.603206412825653,13.627254509018046,0.0,0.0,5.75,3.3295063145809767,8.2815319831562,9.500152083544576,3.1847133757961776,1.6666666666666607,-0.0,1.0,0,0.0,0.0,,0.0,0.0,0.0,100.0,0,0,5.07,368800.0,1869816.0,0.0,0.0,0.0,realtime_quote_fallback,9151.0,0,0,0,10.0,False,0.0,89.95943632449396,78.80366300691254,53.80757018653854,100.0,75.70588235294119,0,1,1.0,55.3,4.829159326281606,43.59164281880692,76.69578481597013,340,-71.86662548968852,70.11500000000001,10.0,C级,个股强、承接好、量价齐,分钟缺、校准-
20260708,20260708 13:56:22,688692.SH,达梦数据,234.88,217.19,235.58,217.19,234.88,217.17,8.154901689920347,477226042.0,2090500,1.5734,0.56,软件服务,99.0,0.0,15,16.674857907102165,0,2.70767311827957,75.0,0,0,260.6,260.604,-4.54360725026417,-13.4529643686208,6.035844882849539,-6.719618745035749,1.0762491595233523,0.9353957779451126,1.5734,96.19358346927667,0.298024523160767,8.144942216492467,0.0092093751439037,8.468020444812826,0.0,0.0,280.02,2.749853451971629,0.0656084115095767,-6.18609406952968,2.4707336581109463,0.298024523160767,-0.0,1.0,0,0.0,0.0,,0.0,0.0,0.0,100.0,0,0,217.19,5501.0,1194762.0,0.0,0.0,0.0,realtime_quote_fallback,756.0,0,0,0,20.0,False,100.0,89.02525012798824,63.90162789520994,26.317925197661246,100.0,63.477433387710676,0,0,1.0,55.3,5.32239999697593,67.0173023001907,96.4254116437431,340,-91.10301164676717,70.11500000000001,10.0,B级,板块强、个股强、均价上,分钟缺、校准-
20260708,20260708 13:56:21,688307.SH,中润光学,66.06,61.55,67.39,58.31,66.06,61.15,8.029435813573183,429239969.0,6784029,6.0693,0.78,元器件,99.0,0.0,9,62.93666615516602,0,5.194941100323625,45.0,0,0,73.38,73.38,-14.28571428571428,3.672316384180796,-8.995729439316714,-16.379746835443033,0.638493927115644,0.6974927824630227,6.0693,85.352422907489,2.013321223130493,7.327376116978068,0.6541291905151292,14.848732624693376,0.0,0.0,83.5,-7.038923756719473,-11.311002215211108,-6.934152320306552,3.347934918648332,2.013321223130493,-0.0,1.0,0,0.0,0.0,,0.0,0.0,0.0,100.0,0,0,61.5501,3425.0,210809.0,0.0,0.0,0.0,realtime_quote_fallback,1238.0,0,0,0,20.0,False,100.0,83.3173899320231,49.928053272099454,0.0,100.0,50.1409691629956,0,0,1.0,55.3,5.183261504771604,59.49700659557544,90.85987195557004,340,-85.67661045079844,70.11500000000001,10.0,B级,板块强、个股强、均价上,分钟缺、校准-
