trade_date,update_time,ts_code,name,price,open,high,low,close,pre_close,pct_chg,amount,volume,turnover_rate,volume_ratio,sector_name,sector_rank,sector_limitup_count,sector_gt6_count,sector_amount_ratio,sector_net_inflow,sector_turnover,sector_hot_score,pre_day_limitup,today_limitup,today_limit_up_price,prev_limit_up_price,ret_5d,ret_20d,ret_3d,ret_10d,amount_ratio_5d,amount_ratio_20d,turnover_rate_5d_avg,close_position,intraday_pullback_pct,open_to_close_pct,gap_open_pct,amplitude,high_20d_break,platform_break_20d,stage_high_20d,ma5_position,ma10_position,ma20_position,intraday_vwap_position,late_pullback_pct,late_price_change_pct,late_volume_ratio,tail_lift_flag,dragon_tiger_flag,dragon_tiger_net_rate,dragon_tiger_reason,limit_touch_count,open_board_count,limitup_quality_score,intraday_risk_score,announcement_flag,hot_topic_flag,auction_price,auction_vol,auction_amount,auction_pct_chg,auction_amount_ratio,auction_strength_score,realtime_source,stock_age_days,suspended_flag,delist_flag,data_quality_flag
20260727,20260727 10:48:19,688825.SH,长鑫科技,49.49,49.5,49.88,38.11,49.49,8.66,471.4780600461894,108051487988.0,2341488629,,,半导体,99.0,0.0,7,125.47945759078779,0,4.833594358974358,35.0,0,0,99999.999,,471.4780600461894,471.4780600461894,471.4780600461894,471.4780600461894,1.0,1.0,0.0,96.68649107901443,0.7880379874722232,-0.020202020202020332,471.5935334872979,135.91224018475754,0.0,0.0,0.0,0.0,0.0,0.0,7.99389002036659,0.7880379874722232,-0.0,1.0,0,0.0,0.0,,0.0,0.0,0.0,100.0,0,0,49.5,308736482.0,15282455859.0,0.0,0.0,0.0,realtime_quote_fallback,0,0,0,0
20260727,20260727 10:48:17,920176.BJ,维琪科技,58.58,45.01,58.58,40.25,58.58,22.16,164.35018050541515,301232375.16,6600276,,,化工原料,99.0,0.0,6,17.560415325131775,0,3.5416420233463035,30.0,0,0,99999.99,,164.35018050541515,164.35018050541515,164.35018050541515,164.35018050541515,1.0,1.0,0.0,100.0,0.0,30.148855809820052,103.11371841155234,82.71660649819493,0.0,0.0,0.0,0.0,0.0,0.0,11.64474938059843,0.0,-0.0,1.0,0,0.0,0.0,,0.0,0.0,0.0,100.0,0,0,45.01,381200.0,17157812.0,0.0,0.0,0.0,realtime_quote_fallback,0,0,0,0
20260727,20260727 10:48:17,920199.BJ,倍益康,29.11,25.2,30.3,25.11,29.11,24.8,17.37903225806452,124329056.19,4407290,8.794,1.25,家用电器,99.0,0.0,4,3.170933401987518,0,1.8690402173913043,20.0,0,0,32.24,,16.90763052208837,23.086680761099366,21.291666666666664,32.01814058956916,1.8863450555341381,2.181053980258488,8.794,77.07129094412329,4.087942287873592,15.515873015873026,1.6129032258064502,20.927419354838715,1.0,1.0,27.99,18.11247261218858,19.415842802641812,20.8410303244152,3.324656885944166,4.087942287873592,-0.0,1.0,0,0.0,0.0,,0.0,0.0,0.0,100.0,0,0,25.2,11193.0,282063.6,0.0,0.0,0.0,realtime_quote_fallback,1334,0,0,0
20260727,20260727 10:48:06,300802.SZ,矩子科技,22.15,18.89,22.3,18.6,22.15,18.93,17.010036978341248,267966593.68,13050037,7.2097,1.54,专用机械,99.0,0.0,5,16.9415839935402,0,3.0928554794520546,25.0,0,0,22.72,,39.30817610062891,2.3094688221708903,27.29885057471264,18.639528655597193,1.4350202570409334,1.2495714116907013,7.2097,95.9459459459459,0.6772009029345494,17.257808364213865,-0.21130480718435374,19.545694664553615,0.0,0.0,25.2,27.754066212942654,26.513593785697974,9.98833080914665,5.392545598731147,0.6772009029345494,-0.0,1.0,0,0.0,0.0,,0.0,0.0,0.0,100.0,0,0,18.89,95000.0,1794550.0,0.0,0.0,0.0,realtime_quote_fallback,2447,0,0,0
20260727,20260727 10:48:19,688709.SH,成都华微,27.08,23.3,27.96,23.06,27.08,23.3,16.223175965665227,342458601.0,13039038,1.9741,0.5,半导体,99.0,0.0,7,125.47945759078779,0,4.833594358974358,35.0,0,0,27.96,,15.62766865926557,-24.965364366860644,12.178956089478032,-18.94642322657887,1.949464390468681,1.1918281151862324,1.9741,82.04081632653056,3.2496307237813937,16.223175965665227,0.0,21.030042918454946,0.0,0.0,40.6,13.47636607442173,2.115464384026544,-14.552568471538564,4.020486555697822,3.2496307237813937,-0.0,1.0,0,0.0,0.0,,0.0,0.0,0.0,100.0,0,0,23.2999,3754.0,87468.0,0.0,0.0,0.0,realtime_quote_fallback,901,0,0,0
20260727,20260727 10:48:09,300530.SZ,领湃科技,17.33,15.41,17.9,15.16,17.33,14.94,15.997322623828648,169330019.47,10071647,1.3723,0.63,电气设备,99.0,0.0,13,29.372944303127838,0,3.97052939481268,65.0,0,0,17.93,,14.163372859025024,4.271961492178078,19.517241379310324,10.452517527087313,3.6869801564123117,2.8925712073427285,1.3723,79.19708029197078,3.2890940565493354,12.459441920830617,3.145917001338683,18.340026773761704,0.0,0.0,19.79,15.826761128191414,12.517854824048836,6.9126129738733555,3.175233181186732,3.2890940565493354,-0.0,1.0,0,0.0,0.0,,0.0,0.0,0.0,100.0,0,0,15.41,16400.0,252724.0,0.0,0.0,0.0,realtime_quote_fallback,3639,0,0,0
20260727,20260727 10:48:09,300795.SZ,米奥会展,12.81,10.52,12.81,10.28,12.81,11.07,15.718157181571812,360862110.46,31213158,20.306,0.86,文教休闲,99.0,0.0,2,1.084668521314822,0,3.4123039215686277,10.0,0,0,13.28,,15.509467989179448,50.70588235294118,-10.669456066945603,59.52677459526776,0.6460646301211389,2.1113496749463003,20.306,100.0,0.0,21.768060836501913,-4.9683830171635135,22.854561878952133,0.0,0.0,14.9,2.2346368715083997,20.315581854043387,33.493122134222595,7.047353760445696,0.0,-0.0,1.0,0,0.0,0.0,,0.0,0.0,0.0,100.0,0,0,10.52,675700.0,7108364.0,0.0,0.0,0.0,realtime_quote_fallback,2470,0,0,0
20260727,20260727 10:48:09,301122.SZ,采纳股份,33.06,27.77,33.11,27.52,33.06,28.66,15.352407536636424,211486127.55,6912910,12.2446,2.09,医疗保健,99.0,0.0,9,7.915099782525732,0,2.4055185792349727,45.0,0,0,34.39,,29.49471210340775,19.86947063089197,37.92240300375471,15.392670157068068,1.4184699608445162,1.9379102948808928,12.2446,99.10554561717358,0.15124016938898865,19.049333813467783,-3.1053733426378294,19.50453593859037,1.0,1.0,32.49,27.45778394633358,21.63355408388521,16.628155151429635,5.859750240153705,0.15124016938898865,-0.0,1.0,0,0.0,0.0,,0.0,0.0,0.0,100.0,0,0,27.77,129800.0,3604546.0,0.0,0.0,0.0,realtime_quote_fallback,1643,0,0,0
20260727,20260727 10:48:17,920117.BJ,龙鑫智能,29.87,26.6,30.47,26.5,29.87,25.91,15.28367425704362,153712278.29,5528619,27.708,0.67,专用机械,99.0,0.0,5,16.9415839935402,0,3.0928554794520546,25.0,0,0,33.68,,19.33679584498602,-15.47821165817771,19.959839357429733,-15.47821165817771,0.8115843999344942,0.5371136724111621,27.708,84.88664987405546,2.008704385671245,12.293233082706756,2.6630644538788273,15.322269394056345,0.0,0.0,40.6,14.576141158419631,8.241445359010191,8.241445359010191,3.189774297558734,2.008704385671245,-0.0,1.0,0,0.0,0.0,,0.0,0.0,0.0,100.0,0,0,26.6,100367.0,2669762.2,0.0,0.0,0.0,realtime_quote_fallback,11,0,0,0
20260727,20260727 10:48:09,300407.SZ,凯发电气,12.51,10.9,12.72,10.66,12.51,10.87,15.08739650413984,257385947.83,21315528,9.5521,2.12,电气设备,99.0,0.0,13,29.372944303127838,0,3.97052939481268,65.0,0,0,13.04,,30.448383733055273,17.354596622889296,36.572052401746724,27.78345250255363,1.7071464295157313,3.209809796920046,9.5521,89.80582524271841,1.6786570743405393,14.77064220183486,0.2759889604415866,18.951241950321993,1.0,1.0,11.05,26.134301270417424,27.509937824890397,23.233019750775764,4.569517971579828,1.6786570743405393,-0.0,1.0,0,0.0,0.0,,0.0,0.0,0.0,100.0,0,0,10.9,98900.0,1078010.0,0.0,0.0,0.0,realtime_quote_fallback,4254,0,0,0
20260727,20260727 10:48:17,688171.SH,纬德信息,26.9,24.48,27.0,23.51,26.9,23.5,14.468085106382976,71299336.0,2791357,1.2762,0.65,软件服务,99.0,0.0,4,11.961705372635453,0,2.832986021505376,20.0,0,0,28.2,,15.649183147033519,-38.654503990878,13.645965356991962,7.17131474103585,1.459399633751552,1.2236493727994584,1.2762,97.13467048710598,0.3717472118959231,9.885620915032668,4.1702127659574595,14.851063829787229,0.0,0.0,45.0,14.225053078556261,8.726405561618344,-16.626632986719148,4.250096886707144,0.3717472118959231,-0.0,1.0,0,0.0,0.0,,0.0,0.0,0.0,100.0,0,0,24.48,15505.0,379562.0,0.0,0.0,0.0,realtime_quote_fallback,1642,0,0,0
20260727,20260727 10:48:06,300039.SZ,上海凯宝,5.84,5.06,5.89,5.02,5.84,5.11,14.28571428571428,358262497.65,65010917,6.1336,0.68,中成药,99.0,0.0,3,2.9369191427942467,0,2.961695588235294,15.0,0,0,6.13,,3.546099290780136,33.33333333333333,1.388888888888884,12.307692307692308,0.8228254132954316,1.3514209321963908,6.1336,94.25287356321842,0.8561643835616417,15.41501976284585,-0.9784735812133238,17.02544031311155,0.0,1.0,5.95,5.605786618444841,7.451701931922727,18.362383461694364,4.597014925373144,0.8561643835616417,-0.0,1.0,0,0.0,0.0,,0.0,0.0,0.0,100.0,0,0,5.06,280200.0,1417812.0,0.0,0.0,0.0,realtime_quote_fallback,6044,0,0,0
20260727,20260727 10:48:09,301310.SZ,鑫宏业,57.5,51.53,58.82,51.53,57.5,50.61,13.613910294408216,508344424.55,9036919,22.5719,1.16,汽车配件,99.0,0.0,4,6.967485585394565,0,2.304278277153558,20.0,0,0,60.73,,7.698070799775247,-0.8791587657300481,-14.281454979129393,-16.47298082510169,0.6932618457730647,0.7212853033272096,22.5719,81.89300411522633,2.295652173913054,11.585484183970497,1.817822564710525,14.404267931238884,0.0,0.0,70.37,-2.8190914007571566,-7.513149217480808,-0.9346599474522876,2.7703306523682025,2.295652173913054,-0.0,1.0,0,0.0,0.0,,0.0,0.0,0.0,100.0,0,0,51.53,114120.0,5880603.6,0.0,0.0,0.0,realtime_quote_fallback,1151,0,0,0
20260727,20260727 10:48:09,301085.SZ,亚康股份,58.18,50.81,58.58,50.81,58.18,51.26,13.499804916113934,245015747.99,4365527,4.3069,0.44,软件服务,99.0,0.0,4,11.961705372635453,0,2.832986021505376,20.0,0,0,61.51,,8.767994017573377,1.9807186678352462,9.094318394899691,-0.22294632138569748,0.8317548215190077,1.3028650767175172,4.3069,94.85199485199487,0.6875214850464051,14.505018697106852,-0.8778774873195339,15.15801794771751,0.0,0.0,64.19,9.670122525918945,6.506059385640506,1.6466477396811507,4.159455749835894,0.6875214850464051,-0.0,1.0,0,0.0,0.0,,0.0,0.0,0.0,100.0,0,0,50.81,6700.0,340427.0,0.0,0.0,0.0,realtime_quote_fallback,1743,0,0,0
20260727,20260727 10:48:17,688146.SH,中船特气,278.15,247.63,286.0,246.79,278.15,245.67,13.220987503561688,4333920185.0,16204675,16.5645,1.22,半导体,99.0,0.0,7,125.47945759078779,0,4.833594358974358,35.0,0,0,294.8,,38.52091633466132,-24.82432432432433,32.45238095238094,13.762781186094063,0.9677381631774651,0.8853686921797239,16.5645,79.97959704157097,2.8222182275750685,12.324839478253846,0.7978182114218191,15.960434729515208,0.0,0.0,399.99,28.360729877153943,19.241552562310837,-2.97848888516824,2.8991047426443206,2.8222182275750685,-0.0,1.0,0,0.0,0.0,,0.0,0.0,0.0,100.0,0,0,247.63,315453.0,78115626.0,0.0,0.0,0.0,realtime_quote_fallback,1193,0,0,0
20260727,20260727 10:48:06,300214.SZ,日科化学,13.42,12.35,13.96,12.35,13.42,11.86,13.153456998313672,773728591.76,58307338,19.0166,2.09,化工原料,99.0,0.0,6,17.560415325131775,0,3.5416420233463035,30.0,0,0,14.23,,57.32708089097305,33.0029732408325,56.959064327485365,9.105691056910569,1.5211449721756334,1.5026296438952103,19.0166,66.45962732919251,4.023845007451565,8.663967611336032,4.131534569983142,13.575042158516032,0.0,0.0,14.12,39.82079599916648,27.095368879628733,28.52512155591571,1.3340045305814119,4.023845007451565,-0.0,1.0,0,0.0,0.0,,0.0,0.0,0.0,100.0,0,0,12.35,1867900.0,23068565.0,0.0,0.0,0.0,realtime_quote_fallback,5556,0,0,0
20260727,20260727 10:48:12,301526.SZ,国际复材,29.08,26.13,29.7,25.99,29.08,25.7,13.151750972762644,4114652565.67,145762247,7.6749,0.61,玻璃,99.0,0.0,1,5.7687894689619,0,2.5131736842105266,5.0,0,0,30.84,,8.913857677902627,-39.18862400669176,6.559179186515207,-14.369846878680804,0.8695231971259234,0.6026851523485842,7.6749,83.28840970350402,2.1320495185694677,11.289705319556065,1.6731517509727567,14.435797665369654,0.0,0.0,52.27,6.7547723935389214,-6.982695198797295,-21.4892209668057,2.9137666627344627,2.1320495185694677,-0.0,1.0,0,0.0,0.0,,0.0,0.0,0.0,100.0,0,0,26.13,1097160.0,28668790.8,0.0,0.0,0.0,realtime_quote_fallback,944,0,0,0
20260727,20260727 10:48:09,300469.SZ,信息发展,47.4,41.6,47.92,41.11,47.4,42.13,12.508901020650365,390932050.62,8571783,3.9204,0.9,软件服务,99.0,0.0,4,11.961705372635453,0,2.832986021505376,20.0,0,0,50.56,,5.567928730512239,-10.566037735849054,11.950873878129409,-13.361359897642123,0.850897523633295,0.8069676270673579,3.9204,92.36417033773857,1.097046413502123,13.942307692307686,-1.2580109185853283,16.164253501068128,0.0,0.0,63.02,9.438492796453634,-3.1585829281248756,-7.896782216695164,4.22927508612474,1.097046413502123,-0.0,1.0,0,0.0,0.0,,0.0,0.0,0.0,100.0,0,0,41.6,111700.0,4646720.0,0.0,0.0,0.0,realtime_quote_fallback,4064,0,0,0
20260727,20260727 10:48:09,300740.SZ,水羊股份,19.1,17.16,19.55,17.08,19.1,17.01,12.286890064667832,455059631.84,25052735,6.7232,0.88,日用化工,99.0,0.0,3,0.6293368467864644,0,1.9314736842105262,15.0,0,0,20.41,,19.44965603502189,8.83190883190883,20.42875157629258,1.1652542372881491,1.070285901845299,0.8747855174333332,6.7232,81.78137651821868,2.3560209424083656,11.305361305361306,0.8818342151675429,14.520870076425647,0.0,0.0,24.09,16.067087992221673,8.430315072381479,1.6200686334495007,2.8171541360129337,2.3560209424083656,-0.0,1.0,0,0.0,0.0,,0.0,0.0,0.0,100.0,0,0,17.16,128856.0,2211168.96,0.0,0.0,0.0,realtime_quote_fallback,3091,0,0,0
20260727,20260727 10:48:19,688663.SH,新风光,54.6,48.67,55.98,47.37,54.6,48.67,12.18409697965892,352936526.0,6655230,2.7018,0.7,电气设备,99.0,0.0,13,29.372944303127838,0,3.97052939481268,65.0,0,0,58.4,,-8.878504672897192,-37.45704467353952,-18.49529780564263,-26.17631151974039,0.9675058002124224,1.0065601183688933,2.7018,83.97212543554012,2.5274725274725185,12.184096979658921,0.0,17.69056913910006,0.0,0.0,93.33,-17.033885427746544,-20.82022129733021,-28.563952271299964,3.70370370370372,2.5274725274725185,-0.0,1.0,0,0.0,0.0,,0.0,0.0,0.0,100.0,0,0,48.6699,5541.0,269680.0,0.0,0.0,0.0,realtime_quote_fallback,1931,0,0,0
20260727,20260727 10:48:09,300684.SZ,中石科技,51.93,47.32,54.1,46.4,51.93,46.4,11.918103448275865,725538147.48,14284241,5.3513,0.48,元器件,99.0,0.0,7,47.018980398043645,0,3.8337438311688317,35.0,0,0,55.68,,7.895283606897974,-7.350579839429072,4.256173459144752,-17.858272698513122,0.7808749289320953,0.4917582086163588,5.3513,71.8181818181818,4.178702098979392,9.742180896027053,1.982758620689662,16.594827586206904,0.0,0.0,74.63,6.540560502236259,-7.791469867537904,-13.871312828082626,2.2042904939972408,4.178702098979392,-0.0,1.0,0,0.0,0.0,,0.0,0.0,0.0,100.0,0,0,47.32,52500.0,2484300.0,0.0,0.0,0.0,realtime_quote_fallback,3134,0,0,0
20260727,20260727 10:48:09,300420.SZ,五洋自控,7.07,6.29,7.2,6.29,7.07,6.33,11.690363349131117,672847310.56,98953824,8.2723,0.72,机械基件,99.0,0.0,3,6.462178572188441,0,3.8988760869565215,15.0,0,0,7.6,,15.901639344262296,-19.199999999999996,5.5223880597014885,-11.845386533665824,0.8485653798652835,0.5860992099834206,8.2723,85.71428571428574,1.8387553041018467,12.400635930047699,-0.6319115323854652,14.375987361769354,0.0,0.0,10.39,8.769230769230774,0.6548974943052288,-12.157544884139881,3.1614785992217787,1.8387553041018467,-0.0,1.0,0,0.0,0.0,,0.0,0.0,0.0,100.0,0,0,6.29,531300.0,3341877.0,0.0,0.0,0.0,realtime_quote_fallback,4178,0,0,0
20260727,20260727 10:48:20,688793.SH,倍轻松,16.35,14.71,17.16,14.56,16.35,14.64,11.68032786885247,48687812.0,2981497,1.1515,0.49,家用电器,99.0,0.0,4,3.170933401987518,0,1.8690402173913043,20.0,0,0,17.57,,8.349900596421488,1.3639181649101273,11.300204220558218,5.6201550387597,1.9746942730489525,1.7422223537148103,1.1515,68.8461538461539,4.954128440366956,11.148878314072054,0.4781420765027411,17.75956284153005,0.0,0.0,17.65,9.525723472668822,5.477065995742225,3.0602918465757023,2.0386935718743615,4.954128440366956,-0.0,1.0,0,0.0,0.0,,0.0,0.0,0.0,100.0,0,0,14.71,11250.0,165488.0,0.0,0.0,0.0,realtime_quote_fallback,1838,0,0,0
20260727,20260727 10:48:06,300234.SZ,开尔新材,7.32,6.59,7.71,6.53,7.32,6.56,11.585365853658548,145996452.91,20274386,3.8607,0.39,陶瓷,99.0,0.0,2,1.7871414541269108,0,4.41664,10.0,0,0,7.87,,6.08695652173914,-33.69565217391304,8.605341246290799,-25.306122448979597,0.7203675991589364,0.7076366579207951,3.8607,66.9491525423729,5.327868852459017,11.077389984825503,0.45731707317073766,17.987804878048777,0.0,0.0,12.2,7.615407233166693,-9.540286702916468,-22.131801499920222,1.8552875695732718,5.327868852459017,-0.0,1.0,0,0.0,0.0,,0.0,0.0,0.0,100.0,0,0,6.59,23500.0,154865.0,0.0,0.0,0.0,realtime_quote_fallback,5514,0,0,0
20260727,20260727 10:48:12,301520.SZ,万邦医药,59.58,53.0,61.09,52.35,59.58,53.59,11.177458481059888,642409730.96,11253251,46.6717,0.89,生物制药,99.0,0.0,3,5.274388087780933,0,3.5629025,15.0,0,0,64.31,,11.782363977485932,110.82802547770699,12.436308737497637,9.885651051272593,0.7356731078521235,0.9314431071603555,46.6717,82.7231121281464,2.5344075193017845,12.415094339622645,-1.100951670087713,16.30901287553648,0.0,0.0,71.8,15.362273941834804,7.642276422764227,29.874659400544946,3.305976187723969,2.5344075193017845,-0.0,1.0,0,0.0,0.0,,0.0,0.0,0.0,100.0,0,0,53.0,214600.0,11373800.0,0.0,0.0,0.0,realtime_quote_fallback,1036,0,0,0
20260727,20260727 10:48:09,301293.SZ,三博脑科,57.2,51.89,58.85,51.88,57.2,51.55,10.960232783705148,880608046.45,15687258,7.9676,1.58,医疗保健,99.0,0.0,9,7.915099782525732,0,2.4055185792349727,45.0,0,0,61.86,,15.299334811529942,16.97341513292434,11.71875,19.916142557651995,1.465913494666032,1.7478578416943689,7.9676,76.32711621233861,2.8846153846153744,10.233185584891125,0.6595538312318183,13.520853540252181,1.0,1.0,56.44,11.396743787489294,13.643136709514646,13.515712598854934,2.185434407193476,2.8846153846153744,-0.0,1.0,0,0.0,0.0,,0.0,0.0,0.0,100.0,0,0,51.89,124500.0,6460305.0,0.0,0.0,0.0,realtime_quote_fallback,1179,0,0,0
20260727,20260727 10:48:09,301108.SZ,洁雅股份,30.86,28.15,31.66,27.85,30.86,27.85,10.80789946140035,76370519.4,2544060,1.8333,0.41,日用化工,99.0,0.0,3,0.6293368467864644,0,1.9314736842105262,15.0,0,0,33.42,,11.488439306358389,26.475409836065577,7.00416088765603,0.8167265599477336,1.0464330193573048,0.9436137762081909,1.8333,79.00262467191598,2.5923525599481634,9.626998223801063,1.077199281867136,13.680430879712741,0.0,0.0,31.88,9.939437121481998,6.509284185821773,11.706363570549483,2.4455018258271455,2.5923525599481634,-0.0,1.0,0,0.0,0.0,,0.0,0.0,0.0,100.0,0,0,28.15,3800.0,106970.0,0.0,0.0,0.0,realtime_quote_fallback,1697,0,0,0
20260727,20260727 10:48:09,300843.SZ,胜蓝股份,125.3,114.62,128.65,114.18,125.3,113.5,10.396475770925107,820912626.9,6668843,3.8577,0.61,元器件,99.0,0.0,7,47.018980398043645,0,3.8337438311688317,35.0,0,0,136.2,,28.053142565150747,-10.957930642410464,4.06976744186045,-2.717391304347838,0.7436009438326864,0.8144898935302954,3.8577,76.8486523842432,2.6735833998403846,9.31774559413714,0.9867841409691769,12.748898678414097,0.0,0.0,172.0,11.984985253373836,6.495095956076091,-6.142673622945227,2.110667427267554,2.6735833998403846,-0.0,1.0,0,0.0,0.0,,0.0,0.0,0.0,100.0,0,0,114.62,39000.0,4470180.0,0.0,0.0,0.0,realtime_quote_fallback,2216,0,0,0
20260727,20260727 10:48:16,688386.SH,泛亚微透,54.43,51.0,55.31,49.0,54.43,49.31,10.383289393632111,174539978.0,3303556,5.1465,1.27,化工原料,99.0,0.0,6,17.560415325131775,0,3.5416420233463035,30.0,0,0,59.17,,-2.838272045697976,-40.285244103126715,-5.091543156059286,-28.22102070420678,0.7663946614256683,0.6669752624358164,5.1465,86.05388272583198,1.6167554657358085,6.725490196078421,3.4272966943824645,12.796592983167718,0.0,0.0,98.44,-1.2159709618874803,-15.580991376636266,-27.430537038024628,2.8663222880181305,1.6167554657358085,-0.0,1.0,0,0.0,0.0,,0.0,0.0,0.0,100.0,0,0,51.0,21932.0,1118532.0,0.0,0.0,0.0,realtime_quote_fallback,2110,0,0,0
20260727,20260727 10:48:18,688685.SH,迈信林,37.7,34.36,38.58,34.0,37.7,34.26,10.040863981319337,139065601.0,3801319,3.6452,0.84,航空,99.0,0.0,1,3.05707491659453,0,2.74701320754717,5.0,0,0,41.11,,16.646039603960403,-28.163109756097548,11.935866983372922,-15.356982487651539,0.6823477688976458,0.4386754544802817,3.6452,80.78602620087345,2.3342175066312976,9.720605355064027,0.29188558085231353,13.368359603035607,0.0,0.0,59.88,12.242467547933789,-1.861252115059231,-16.985037488852427,2.5571273122959814,2.3342175066312976,-0.0,1.0,0,0.0,0.0,,0.0,0.0,0.0,100.0,0,0,34.36,16208.0,556907.0,0.0,0.0,0.0,realtime_quote_fallback,1901,0,0,0
20260727,20260727 10:48:09,300762.SZ,上海瀚讯,30.11,28.2,30.49,28.0,30.11,27.45,9.690346083788716,698906111.02,23691242,3.2077,0.61,通信设备,99.0,0.0,4,31.16198687424851,0,3.5152423357664238,20.0,0,0,32.94,,5.206149545772187,-31.412300683371296,3.4707903780068605,-24.630788485607013,0.7980199826945434,0.40515825044747733,3.2077,84.73895582329321,1.2620391896379868,6.773049645390072,2.732240437158473,9.071038251366115,0.0,0.0,49.94,4.613994857897286,-6.146748955800763,-20.475404423902287,1.9525959367945767,1.2620391896379868,-0.0,1.0,0,0.0,0.0,,0.0,0.0,0.0,100.0,0,0,28.2,122000.0,3440400.0,0.0,0.0,0.0,realtime_quote_fallback,2692,0,0,0
20260727,20260727 10:48:17,920238.BJ,长鹰硬科,61.22,53.0,63.33,52.94,61.22,56.03,9.262894877744056,446815252.03,7773178,84.1361,47.60570177453187,机械基件,99.0,0.0,3,6.462178572188441,0,3.8988760869565215,15.0,0,0,72.83,,9.262894877744055,9.262894877744055,9.262894877744055,9.262894877744055,0.44274508721202477,0.44274508721202477,84.1361,79.6920115495669,3.446586082979408,15.50943396226414,-5.40781724076388,18.543637337140815,0.0,1.0,71.0,9.262894877744055,9.262894877744055,9.262894877744055,3.4762521832215842,3.446586082979408,-0.0,1.0,0,0.0,0.0,,0.0,0.0,0.0,100.0,0,0,53.0,718999.0,38106947.0,0.0,0.0,0.0,realtime_quote_fallback,3,0,0,0
20260727,20260727 10:48:06,300149.SZ,睿智医药,9.34,8.37,9.59,8.31,9.34,8.55,9.239766081871338,362614588.58,39743460,11.3693,0.82,生物制药,99.0,0.0,3,5.274388087780933,0,3.5629025,15.0,0,0,10.26,,-8.251473477406678,-5.273833671399586,-5.465587044534425,8.101851851851837,0.6352542085470413,0.7198138450742053,11.3693,80.46874999999999,2.676659528907921,11.589008363201913,-2.1052631578947545,14.97076023391812,0.0,0.0,11.4,-2.52556877478608,-3.0617540217955597,-1.1797069248267622,2.8634361233480066,2.676659528907921,-0.0,1.0,0,0.0,0.0,,0.0,0.0,0.0,100.0,0,0,8.37,241200.0,2018844.0,0.0,0.0,0.0,realtime_quote_fallback,5696,0,0,0
20260727,20260727 10:48:17,920225.BJ,利通科技,14.3,13.25,14.79,13.0,14.3,13.1,9.160305343511466,46754331.56,3299248,4.1815,1.28,橡胶,99.0,0.0,3,0.24386917714926995,0,1.8662722222222223,15.0,0,0,17.03,,6.240713224368499,-15.133531157270031,10.852713178294572,0.7042253521126751,1.148958499556969,1.3992499674334804,4.1815,72.62569832402242,3.4265734265734205,7.924528301886791,1.1450381679389388,13.664122137404574,0.0,0.0,18.2,6.812070510905288,3.9319718002761794,-5.08114566393415,1.92444761225945,3.4265734265734205,-0.0,1.0,0,0.0,0.0,,0.0,0.0,0.0,100.0,0,0,13.25,16670.0,220877.5,0.0,0.0,0.0,realtime_quote_fallback,1978,0,0,0
20260727,20260727 10:48:17,688559.SH,海目星,45.57,42.01,46.39,41.82,45.57,41.8,9.01913875598086,437287911.0,9877592,3.4715,0.57,专用机械,99.0,0.0,5,16.9415839935402,0,3.0928554794520546,25.0,0,0,50.16,,13.64089775561097,-40.055248618784525,6.322911805879605,-17.669376693766935,0.7582771286880214,0.4901538452990516,3.4715,82.05689277899343,1.7994294491990415,8.474172815996205,0.5023923444976042,10.933014354066987,0.0,0.0,85.5,8.042107259708864,-2.5928221789966455,-22.80327285663464,2.190162954103747,1.7994294491990415,-0.0,1.0,0,0.0,0.0,,0.0,0.0,0.0,100.0,0,0,42.01,42107.0,1768915.0,0.0,0.0,0.0,realtime_quote_fallback,2147,0,0,0
20260727,20260727 10:48:09,301022.SZ,海泰科,21.45,19.69,21.89,19.69,21.45,19.68,8.993902439024382,33868132.93,1615897,1.4168,0.61,专用机械,99.0,0.0,5,16.9415839935402,0,3.0928554794520546,25.0,0,0,23.62,,5.978260869565233,-3.9838854073410923,9.718670076726333,0.18682858477345743,1.1641949140755323,0.8293542164588108,1.4168,79.99999999999994,2.051282051282066,8.93854748603351,0.050813008130079496,11.178861788617883,0.0,0.0,25.88,7.1749775157389895,2.9567053854276715,-2.7762039660056637,2.094240837696315,2.051282051282066,-0.0,1.0,0,0.0,0.0,,0.0,0.0,0.0,100.0,0,0,19.69,100.0,1969.0,0.0,0.0,0.0,realtime_quote_fallback,1851,0,0,0
20260727,20260727 10:48:06,002409.SZ,雅克科技,167.68,154.2,169.35,153.0,167.68,153.95,8.918480025982479,6429522289.76,39490435,13.0976,1.09,半导体,99.0,0.0,7,125.47945759078779,0,4.833594358974358,35.0,0,0,169.35,,28.490421455938698,-19.174780680613136,11.89109835846789,-11.289810602052697,1.1304083925732047,0.9070050734417319,13.0976,89.78593272171261,0.9959446564885344,8.741893644617393,0.16239038648913073,10.620331276388436,0.0,0.0,246.44,15.33435131305627,6.413494612055293,-7.721347968334236,2.6549394935003967,0.9959446564885344,-0.0,1.0,0,0.0,0.0,,0.0,0.0,0.0,100.0,0,0,154.2,689300.0,106290060.0,0.0,0.0,0.0,realtime_quote_fallback,5907,0,0,0
20260727,20260727 10:48:09,301197.SZ,工大科雅,21.8,19.91,22.0,19.76,21.8,20.02,8.891108891108889,62617147.0,2959300,3.0084,0.84,软件服务,99.0,0.0,4,11.961705372635453,0,2.832986021505376,20.0,0,0,24.02,,7.8673923800098855,-38.95267432091851,13.011923276308979,-1.6689219666215616,0.8125176878769655,0.4002335097688732,3.0084,91.0714285714286,0.917431192660545,9.492717227523851,-0.5494505494505475,11.188811188811181,0.0,0.0,39.32,9.525723472668822,3.2441392375088807,-14.85539086453025,2.8949024543738267,0.917431192660545,-0.0,1.0,0,0.0,0.0,,0.0,0.0,0.0,100.0,0,0,19.91,3300.0,65703.0,0.0,0.0,0.0,realtime_quote_fallback,1449,0,0,0
20260727,20260727 10:48:16,688105.SH,诺唯赞,18.38,16.71,18.48,16.61,18.38,16.88,8.886255924170626,120185166.0,6727678,1.207,0.7,生物制药,99.0,0.0,3,5.274388087780933,0,3.5629025,15.0,0,0,20.26,,9.144893111638952,3.549295774647887,8.886255924170626,2.9691876750700175,0.9085766154454791,0.6323185390220496,1.207,94.65240641711222,0.5440696409140466,9.994015559545177,-1.007109004739326,11.078199052132707,0.0,0.0,19.95,8.372641509433954,5.100640439158277,4.1891049260246005,3.1232466803815084,0.5440696409140466,-0.0,1.0,0,0.0,0.0,,0.0,0.0,0.0,100.0,0,0,16.71,4672.0,78069.0,0.0,0.0,0.0,realtime_quote_fallback,1715,0,0,0
20260727,20260727 10:48:09,300546.SZ,雄帝科技,14.86,13.62,14.87,13.57,14.86,13.65,8.864468864468854,72694774.5,5051142,1.835,0.56,IT设备,99.0,0.0,2,12.886457598426475,0,3.351906172839506,10.0,0,0,16.38,,3.5540069686411213,-0.6020066889632081,5.915894511760511,5.09193776520509,1.2272814521076274,1.452699418620821,1.835,99.23076923076924,0.06729475100941684,9.104258443465497,-0.2197802197802301,9.523809523809517,0.0,0.0,15.73,4.928682389493,4.127251068600657,1.641586867305067,2.9561200923787556,0.06729475100941684,-0.0,1.0,0,0.0,0.0,,0.0,0.0,0.0,100.0,0,0,13.62,500.0,6810.0,0.0,0.0,0.0,realtime_quote_fallback,3589,0,0,0
20260727,20260727 10:48:09,300536.SZ,农尚环境,7.85,7.15,7.99,7.1,7.85,7.22,8.725761772853179,64703468.0,8450600,1.8246,0.48,建筑工程,99.0,0.0,4,3.0493481916644374,0,2.1369953125,20.0,0,0,8.66,,7.240437158469937,-6.547619047619058,9.483960948396097,-3.799019607843146,0.9868032765993651,0.4761331064685192,1.8246,84.26966292134827,1.7834394904458595,9.790209790209769,-0.9695290858725669,12.32686980609419,0.0,0.0,10.52,7.770455793520026,1.0556127703398754,-6.858092074038913,2.6591107236268563,1.7834394904458595,-0.0,1.0,0,0.0,0.0,,0.0,0.0,0.0,100.0,0,0,7.15,16200.0,115830.0,0.0,0.0,0.0,realtime_quote_fallback,3597,0,0,0
20260727,20260727 10:48:12,301363.SZ,美好医疗,16.57,15.2,16.7,15.17,16.57,15.25,8.655737704918032,209748822.76,12932824,2.0121,0.58,医疗保健,99.0,0.0,9,7.915099782525732,0,2.4055185792349727,45.0,0,0,18.3,,1.7188459177409632,-10.480821177741772,6.081946222791301,-10.335497835497831,0.8597198950807976,0.5489618388425539,2.0121,91.50326797385627,0.7845503922751851,9.013157894736846,-0.3278688524590234,10.032786885245898,0.0,0.0,21.99,4.833607490826264,-4.025485085432933,-11.238482965502461,2.621800165152788,0.7845503922751851,-0.0,1.0,0,0.0,0.0,,0.0,0.0,0.0,100.0,0,0,15.2,45000.0,684000.0,0.0,0.0,0.0,realtime_quote_fallback,1384,0,0,0
20260727,20260727 10:48:17,920252.BJ,天宏锂电,15.58,14.81,16.79,14.61,15.58,14.34,8.647140864714098,57731235.29,3640777,2.9609,0.9,电气设备,99.0,0.0,13,29.372944303127838,0,3.97052939481268,65.0,0,0,18.64,,9.873060648801136,-12.373453318335216,5.627118644067797,-1.3924050632911467,1.759248281384663,1.6378358443267724,2.9609,44.49541284403673,7.766367137355568,5.199189736664422,3.2775453277545274,15.20223152022315,0.0,0.0,19.8,6.1018795968400985,2.2041458934662916,-5.509900839979354,-0.5108556832694622,7.766367137355568,-0.0,1.0,0,0.0,0.0,,0.0,0.0,0.0,100.0,0,0,14.81,19289.0,285670.09,0.0,0.0,0.0,realtime_quote_fallback,1285,0,0,0
20260727,20260727 10:48:09,300806.SZ,斯迪克,44.59,41.0,45.81,40.69,44.59,41.1,8.491484184914855,1033261592.49,23773965,5.5474,0.56,塑料,99.0,0.0,2,2.3189178842362583,0,2.78652625,10.0,0,0,49.32,,-16.949152542372868,-60.0483827614013,-25.708097300899702,-42.4496644295302,0.565830955666722,0.526311945441251,5.5474,76.17187500000004,2.7360394707333535,8.756097560975618,-0.24330900243308973,12.457420924574219,0.0,0.0,124.99,-23.649875004280673,-33.08120600903457,-45.314512073976864,2.044396979174623,2.7360394707333535,-0.0,1.0,0,0.0,0.0,,0.0,0.0,0.0,100.0,0,0,41.0,215100.0,8819100.0,0.0,0.0,0.0,realtime_quote_fallback,2436,0,0,0
20260727,20260727 10:48:17,603669.SH,灵康药业,5.39,4.9,5.47,4.9,5.39,4.97,8.450704225352101,260202009.0,49503200,7.1084,1.21,化学制药,99.0,0.0,6,10.489709281658428,0,3.0809493243243242,30.0,0,0,5.47,,-8.79864636209815,-1.2820512820512886,-1.1009174311926717,-20.73529411764706,1.059034729434308,0.7970559350794045,7.1084,85.96491228070172,1.4842300556586308,9.999999999999986,-1.4084507042253391,11.46881287726357,0.0,0.0,8.4,0.037119524870088405,-14.607097591888463,-12.107623318385663,2.60152284263957,1.4842300556586308,-0.0,1.0,0,0.0,0.0,,0.0,0.0,0.0,100.0,0,0,4.9,158400.0,776160.0,0.0,0.0,0.0,realtime_quote_fallback,4078,0,0,0
20260727,20260727 10:48:09,301309.SZ,万得凯,27.22,25.17,27.61,25.11,27.22,25.1,8.446215139442215,33346637.0,1241600,0.8676,0.48,机械基件,99.0,0.0,3,6.462178572188441,0,3.8988760869565215,15.0,0,0,30.12,,6.079501169134827,-10.046265697290158,9.846650524616617,-1.9452449567723407,1.3061064538875167,1.0949963886658334,0.8676,84.39999999999998,1.4327700220426287,8.144616607071908,0.2788844621513853,9.9601593625498,0.0,0.0,33.3,7.563423693985616,2.4193851826767254,-4.93486536513813,2.151613710282718,1.4327700220426287,-0.0,1.0,0,0.0,0.0,,0.0,0.0,0.0,100.0,0,0,25.17,1300.0,32721.0,0.0,0.0,0.0,realtime_quote_fallback,1407,0,0,0
20260727,20260727 10:48:06,002174.SZ,游族网络,11.18,10.31,11.23,10.14,11.18,10.31,8.438409311348206,266876513.93,24676297,3.3877,0.73,互联网,99.0,0.0,2,5.509196369106184,0,3.505775949367089,10.0,0,0,11.34,,3.6144578313253017,-7.983539094650216,0.8115419296663706,-5.892255892255904,0.6240381189925057,0.46860452355836585,3.3877,95.41284403669718,0.4472271914132353,8.438409311348206,0.0,10.572259941804072,0.0,0.0,13.33,2.5876307579372426,-2.8923825241032097,-6.365159128978237,3.0414746543778737,0.4472271914132353,-0.0,1.0,0,0.0,0.0,,0.0,0.0,0.0,100.0,0,0,10.31,90800.0,936148.0,0.0,0.0,0.0,realtime_quote_fallback,6880,0,0,0
20260727,20260727 10:48:09,002731.SZ,*ST萃华,1.8,1.67,1.83,1.67,1.8,1.66,8.433734939759052,73916754.08,41519072,22.7377,1.0,服饰,99.0,0.0,2,1.2856391311463804,0,2.2296784615384615,10.0,0,0,1.83,,-21.052631578947356,-54.08163265306123,-5.759162303664911,-29.961089494163417,0.7776449969540421,1.0216697365105738,22.7377,81.25,1.6666666666666607,7.784431137724557,0.6024096385542244,9.63855421686748,0.0,0.0,3.92,-7.502569373072976,-16.395726892707827,-28.041119360365496,1.8867924528301883,1.6666666666666607,-0.0,1.0,0,0.0,0.0,,0.0,0.0,0.0,100.0,0,0,1.67,1816200.0,3033054.0,0.0,0.0,0.0,realtime_quote_fallback,4283,0,0,0
20260727,20260727 10:48:19,688350.SH,富淼科技,26.97,24.73,28.01,24.73,26.97,24.88,8.400321543408351,65313697.0,2443448,1.1072,0.5,化工原料,99.0,0.0,6,17.560415325131775,0,3.5416420233463035,30.0,0,0,29.86,,14.619634509137258,-17.999391912435392,9.634146341463401,-4.463336875664192,0.9187235047810387,0.8353513463915229,1.1072,68.2926829268292,3.856136447905101,9.057824504650224,-0.6028938906752379,13.183279742765277,0.0,0.0,35.9,10.009789525208035,2.844722391702259,-6.241852218803768,1.5054572826495916,3.856136447905101,-0.0,1.0,0,0.0,0.0,,0.0,0.0,0.0,100.0,0,0,24.73,19911.0,492399.0,0.0,0.0,0.0,realtime_quote_fallback,2006,0,0,0
20260727,20260727 10:48:17,688432.SH,有研硅,39.91,35.0,40.93,35.0,39.91,36.82,8.392178164041276,1426989938.0,37446458,4.3506,0.88,半导体,99.0,0.0,7,125.47945759078779,0,4.833594358974358,35.0,0,0,44.18,,-5.583155902531356,7.632146709816601,-7.85038097437083,-18.71690427698576,0.5691217879517817,0.4607926024197977,4.3506,82.79932546374363,2.5557504384865926,14.028571428571412,-4.942965779467679,16.10537751222162,0.0,0.0,60.78,-4.867467581998475,-5.992368210298215,-8.80424102552385,3.35808011049723,2.5557504384865926,-0.0,1.0,0,0.0,0.0,,0.0,0.0,0.0,100.0,0,0,35.0,448450.0,15695750.0,0.0,0.0,0.0,realtime_quote_fallback,1355,0,0,0
20260727,20260727 10:48:00,301139.SZ,*ST元道,2.59,2.39,2.7,2.34,2.59,2.39,8.368200836820062,31254111.0,12022100,11.659,0.86,通信设备,99.0,0.0,4,31.16198687424851,0,3.5152423357664238,20.0,0,0,2.87,,-7.168458781362008,-39.48598130841122,-1.1450381679389388,-13.953488372093027,1.2688330261630238,0.7190914732796411,11.659,69.44444444444439,4.247104247104261,8.368200836820062,0.0,15.062761506276162,0.0,0.0,4.66,-0.3079291762894565,-5.058651026392957,-20.66166334813908,1.83486238532109,4.247104247104261,-0.0,1.0,0,0.0,0.0,,0.0,0.0,0.0,100.0,0,0,2.39,157600.0,376664.0,0.0,0.0,0.0,realtime_quote_fallback,1480,0,0,0
20260727,20260727 10:48:17,603507.SH,振江股份,24.23,22.33,24.5,22.18,24.23,22.37,8.314707197139025,180423901.0,7695635,4.5205,1.28,电气设备,99.0,0.0,13,29.372944303127838,0,3.97052939481268,65.0,0,0,24.61,,15.933014354066998,-26.819691935971,15.933014354066998,-21.534974093264246,0.9576015716486785,0.9188387139948833,4.5205,88.36206896551727,1.114321089558401,8.508732646663697,-0.17881090746536543,10.371032632990614,0.0,0.0,34.4,12.907735321528424,0.7819648947674951,-14.160201225776747,2.5102242278945086,1.114321089558401,-0.0,1.0,0,0.0,0.0,,0.0,0.0,0.0,100.0,0,0,22.33,24100.0,538153.0,0.0,0.0,0.0,realtime_quote_fallback,3185,0,0,0
20260727,20260727 10:48:03,000636.SZ,风华高科,43.53,40.94,44.24,40.01,43.53,40.22,8.229736449527604,3484367023.38,81248827,8.7567,0.81,元器件,99.0,0.0,7,47.018980398043645,0,3.8337438311688317,35.0,0,0,44.24,,3.939828080229213,-45.7705244798804,5.399515738498795,-19.40381410849842,0.643975465414193,0.6160287174694515,8.7567,83.21513002364065,1.6310590397426994,6.326331216414283,1.7901541521631037,10.51715564395824,0.0,0.0,84.0,3.185891053904144,-8.757441100025131,-23.57794943820225,2.1990921897010463,1.6310590397426994,-0.0,1.0,0,0.0,0.0,,0.0,0.0,0.0,100.0,0,0,40.94,885800.0,36264652.0,0.0,0.0,0.0,realtime_quote_fallback,10832,0,0,0
20260727,20260727 10:48:09,300767.SZ,震安科技,15.9,14.81,16.13,14.72,15.9,14.7,8.163265306122458,99256516.75,6356468,1.8104,0.34,橡胶,99.0,0.0,3,0.24386917714926995,0,1.8662722222222223,15.0,0,0,17.64,,1.016518424396451,-27.760109041344847,4.2622950819672045,-16.753926701570688,0.5608760415828817,0.3757062443639186,1.8104,83.68794326241142,1.4465408805031332,7.3598919648885985,0.7482993197279075,9.591836734693866,0.0,0.0,26.88,3.7723534786581414,-7.52050253009946,-19.166243009659368,2.032085561497321,1.4465408805031332,-0.0,1.0,0,0.0,0.0,,0.0,0.0,0.0,100.0,0,0,14.81,8000.0,118480.0,0.0,0.0,0.0,realtime_quote_fallback,2677,0,0,0
20260727,20260727 10:48:18,688580.SH,伟思医疗,48.92,44.72,49.85,44.72,48.92,45.26,8.086610693769348,79421212.0,1647795,1.8489,0.81,医疗保健,99.0,0.0,9,7.915099782525732,0,2.4055185792349727,45.0,0,0,54.31,,-1.8655967903711157,-13.9338494018297,2.5791570559865917,-10.76249543962058,0.8884112277957157,0.49627220824818236,1.8489,81.87134502923979,1.9010629599345963,9.391771019678007,-1.193106495802032,11.334511710119317,0.0,0.0,61.19,2.3559442607858916,-6.26197593316471,-10.735628198928904,2.2789044532719904,1.9010629599345963,-0.0,1.0,0,0.0,0.0,,0.0,0.0,0.0,100.0,0,0,44.72,10725.0,479622.0,0.0,0.0,0.0,realtime_quote_fallback,2197,0,0,0
20260727,20260727 10:48:17,688626.SH,翔宇医疗,42.81,39.5,43.22,39.3,42.81,39.61,8.078767987881852,141802943.0,3376256,2.1586,1.18,医疗保健,99.0,0.0,9,7.915099782525732,0,2.4055185792349727,45.0,0,0,47.53,,-2.193283070596297,-3.667866786678653,2.7111324376199786,-1.9468621163536315,1.2066724240595534,0.9609919303556684,2.1586,89.5408163265307,0.9577201588413908,8.379746835443047,-0.2777076495834363,9.896490785155269,0.0,0.0,53.4,2.0841281953452917,-1.3957987838584929,-5.955493069132922,2.4734700390967923,0.9577201588413908,-0.0,1.0,0,0.0,0.0,,0.0,0.0,0.0,100.0,0,0,39.5,50443.0,1992499.0,0.0,0.0,0.0,realtime_quote_fallback,1944,0,0,0
20260727,20260727 10:48:09,301073.SZ,君亭酒店,16.86,16.75,17.16,16.29,16.86,15.6,8.07692307692307,134005434.36,8000586,2.1773,0.85,酒店餐饮,99.0,0.0,1,0.28971541256415806,0,1.2249777777777777,5.0,0,0,18.72,,2.7422303473491727,-8.568329718004353,5.1777916406737345,3.119266055045866,1.9050627751960647,1.6029654349057116,2.1773,65.51724137931029,1.7793594306049876,0.6567164179104523,7.371794871794868,5.576923076923084,0.0,0.0,19.39,4.564624162738751,2.629656683710735,-1.6106442577030977,0.5366726296958779,1.7793594306049876,-0.0,1.0,0,0.0,0.0,,0.0,0.0,0.0,100.0,0,0,16.75,211700.0,3545975.0,0.0,0.0,0.0,realtime_quote_fallback,1761,0,0,0
20260727,20260727 10:48:10,688069.SH,德林海,37.39,34.0,37.7,34.0,37.39,34.6,8.063583815028895,60984505.0,1672687,0.907,0.41,环境保护,99.0,0.0,2,3.0160902236038583,0,2.4691369747899157,10.0,0,0,41.52,,17.72670025188916,3.832268814218276,8.565621370499432,14.412484700122397,0.6322339723214356,0.5056236667272542,0.907,91.62162162162156,0.8290986894891716,9.970588235294109,-1.7341040462427793,10.693641618497116,0.0,0.0,39.79,10.281972628598401,9.215714911640127,5.530545716261437,2.823356861307169,0.8290986894891716,-0.0,1.0,0,0.0,0.0,,0.0,0.0,0.0,100.0,0,0,34.0,1100.0,37400.0,0.0,0.0,0.0,realtime_quote_fallback,2196,0,0,0
