buy_rank,portfolio_group,ts_code,name,rank,price,pct_chg,sector_name,p_limitup_t1,wp_score,decision_score,model_confidence,risk_penalty_score,acceptance_score,momentum_score,close_position,intraday_pullback_pct,intraday_vwap_position,confirm_before_buy,reject_if,buy_reason,next_trade_date,label_t1_limitup,label_available,next_day_open,next_day_high,next_day_close,next_day_low,next_day_limitup_price,next_day_open_pct,next_day_max_pct,next_day_close_pct,next_day_drawdown_pct,next_open,next_high,next_close,next_low,next_up_limit,backtest_trade_date,backtest_data_mode,calibration_eligible
1,核心,002371.SZ,北方华创,1,516.25,9.213,半导体,5.104327350798331,84.36920206103974,75.27410131892464,85.0,0.0,95.91503466679421,86.63642216874513,91.69321802457902,0.7070217917675592,2.4231041392491326,涨幅>8%、承接稳、板块不退,破8%/回落大/板块弱/难成交,强板块、承接好、近高收,20260428,0.0,True,511.54,537.25,517.21,504.0,567.88,-0.9123486682808712,4.067796610169494,0.18595641646490524,-2.3728813559321993,511.54,537.25,517.21,504.0,567.88,20260427,eod_proxy,False
2,核心,688037.SH,芯源微,4,212.0,17.8105,半导体,4.772393640176629,89.12408693667045,74.84387392870583,84.4366770023585,2.253291990566042,90.23861499378062,97.60439884603386,88.98518311434164,1.8584905660377293,4.5863412869382,涨幅>8%、承接稳、板块不退,破8%/回落大/板块弱/难成交,强板块、承接好、近高收,20260428,0.0,True,206.0,213.0,201.5,197.0,254.4,-2.8301886792452824,0.4716981132075526,-4.952830188679247,-7.075471698113212,206.0,213.0,201.5,197.0,254.4,20260427,eod_proxy,False
3,标准,002475.SZ,立讯精密,3,71.97,9.0455,元器件,4.909114041875463,82.7201333280272,72.78762611260481,83.55898043864849,5.7640782454060515,89.37429604962544,84.56491410062627,87.64705882352949,0.8753647353063609,1.8107228745225745,涨幅>8%、承接稳、板块不退,破8%/回落大/板块弱/难成交,强板块、承接好、近高收,20260428,0.0,True,71.02,72.4,69.88,68.95,79.17,-1.3199944421286691,0.5974711685424516,-2.90398777268307,-4.196192858135328,71.02,72.4,69.88,68.95,79.17,20260427,eod_proxy,False
4,标准,688183.SH,生益电子,10,120.7,9.5083,元器件,3.9465516491063743,77.66876635199733,66.35244589053444,82.07932573128409,11.682697074863661,79.15835229149862,84.90890450572394,81.26858275520317,1.565865782932896,1.773518086511694,涨幅>8%、承接稳、板块不退,破8%/回落大/板块弱/难成交,强板块、承接好、近高收,20260428,0.0,True,120.0,120.1,115.9,114.0,144.84,-0.5799502899751507,-0.4971002485501308,-3.976801988400991,-5.550952775476392,120.0,120.1,115.9,114.0,144.84,20260427,eod_proxy,False
5,标准,300570.SZ,太辰光,9,149.82,11.7226,通信设备,4.18438200659209,73.64462277333064,66.0074603626648,82.89473684210526,0.0,96.39257980743021,88.14807262194495,94.63601532567047,0.560672807368845,3.2102507577845163,涨幅>8%、承接稳、板块不退,破8%/回落大/板块弱/难成交,承接好、近高收、强均价,20260428,0.0,True,149.0,152.32,142.62,140.9,179.78,-0.5473234548124317,1.6686690695501216,-4.805766920304356,-5.953811240154849,149.0,152.32,142.62,140.9,179.78,20260427,eod_proxy,False
1,核心,301217.SZ,铜冠铜箔,1,59.15,15.2797,元器件,4.131670286219203,65.90215987293205,54.63816324387885,78.61152224567633,25.553911017294713,62.224765941318225,84.31366790393848,73.78114842903572,4.09129332206255,2.536692476597713,涨幅>8%、承接稳、板块不退,破8%/回落大/板块弱/难成交,强均价、低风险,20260429,1.0,True,57.97,70.98,70.98,57.89,70.98,-1.9949281487742998,20.000000000000018,20.000000000000018,-2.130177514792897,57.97,70.98,70.98,57.89,70.98,20260428,eod_proxy,False
1,核心,688390.SH,固德威,2,101.63,15.0963,电气设备,4.706889477823,93.63128508366299,77.92884545174688,85.0,0.0,94.18331899364523,97.8058073933355,91.10966904607395,1.3480271573354408,4.335774416535476,涨幅>8%、承接稳、板块不退,破8%/回落大/板块弱/难成交,强板块、承接好、近高收,20260430,0.0,True,100.51,109.99,108.2,100.1,121.96,-1.1020368001574243,8.22591754403228,6.4646265866378005,-1.5054609859293522,100.51,109.99,108.2,100.1,121.96,20260429,eod_proxy,False
2,核心,002738.SZ,中矿资源,3,91.3,9.3282,小金属,4.487487511030135,85.88899149257858,74.81294806979908,85.0,0.0,100.0,87.37028943534656,98.79518072289146,0.10952902519167917,3.0474040632054056,涨幅>8%、承接稳、板块不退,破8%/回落大/板块弱/难成交,强板块、承接好、近高收,20260430,0.0,True,90.29,94.5,90.79,89.75,100.43,-1.1062431544359153,3.5049288061336226,-0.5585980284775416,-1.6976998904709717,90.29,94.5,90.79,89.75,100.43,20260429,eod_proxy,False
3,标准,688005.SH,容百科技,8,38.5,8.4202,电气设备,4.053034966051152,86.19724275551941,74.22374698870422,84.82033180374161,0.7186727850335388,100.0,83.03786200676787,95.59585492227974,0.4415584415584428,3.143418467583503,涨幅>8%、承接稳、板块不退,破8%/回落大/板块弱/难成交,强板块、承接好、近高收,20260430,0.0,True,36.57,36.7,34.83,34.17,46.2,-5.012987012987013,-4.675324675324665,-9.532467532467537,-11.246753246753238,36.57,36.7,34.83,34.17,46.2,20260429,eod_proxy,False
4,标准,600549.SH,厦门钨业,7,59.47,8.1863,小金属,4.174636766068927,76.72695705729859,67.12297354884909,85.0,0.0,95.31196624791917,41.56937763542077,93.265306122449,0.5549016310744781,2.434403169317334,涨幅>8%、承接稳、板块不退,破8%/回落大/板块弱/难成交,强板块、承接好、近高收,20260430,0.0,True,58.5,60.07,57.78,57.4,65.42,-1.6310744913401676,1.0089120564990672,-2.841768959139057,-3.480746594921813,58.5,60.07,57.78,57.4,65.42,20260429,eod_proxy,False
5,标准,601208.SH,东材科技,9,38.66,8.626,化工原料,4.052923497240224,73.43131977525407,66.07205108733714,85.0,0.0,83.92933646526012,85.13407657208649,86.2359550561797,1.2674599068805081,2.2751322751322522,涨幅>8%、承接稳、板块不退,破8%/回落大/板块弱/难成交,承接好、近高收、强均价,20260430,0.0,True,39.0,39.99,39.14,37.72,42.53,0.8794619762028111,3.4402483186756427,1.2415933781686705,-2.4314536989135993,39.0,39.99,39.14,37.72,42.53,20260429,eod_proxy,False
1,核心,300672.SZ,国科微,1,178.31,11.0274,半导体,5.230134530085302,86.50878055934213,76.47405867856662,85.0,0.0,96.4091358209159,84.33630598710462,89.67468175388969,1.228198081992038,3.2484076433121345,涨幅>8%、承接稳、板块不退,破8%/回落大/板块弱/难成交,强板块、承接好、近高收,20260506,0.0,True,185.0,198.0,190.0,183.51,213.97,3.7518927710167738,11.04256631708822,6.555997981044248,2.9162694184285742,185.0,198.0,190.0,183.51,213.97,20260430,eod_proxy,False
2,核心,688691.SH,灿芯股份,4,122.8,15.8491,半导体,4.576682050460693,89.55780097401606,74.59170743479635,85.0,0.0,84.34881645301493,96.83524017641788,87.05882352941174,1.791530944625408,3.5413153456998137,涨幅>8%、承接稳、板块不退,破8%/回落大/板块弱/难成交,强板块、承接好、近高收,20260506,0.0,True,125.48,133.0,124.06,119.9,147.36,2.182410423452774,8.306188925081436,1.0260586319218223,-2.3615635179152994,125.48,133.0,124.06,119.9,147.36,20260430,eod_proxy,False
3,标准,300762.SZ,上海瀚讯,7,43.42,13.8139,通信设备,4.056038662373644,73.92733667719429,64.93704657998734,82.89473684210526,0.0,85.21986862025454,95.48541625841948,84.31372549019608,2.210962690004603,3.331746787244172,涨幅>8%、承接稳、板块不退,破8%/回落大/板块弱/难成交,承接好、近高收、强均价,20260506,0.0,True,43.14,45.99,44.93,43.0,52.1,-0.6448641179180092,5.9189313680331646,3.4776600644863986,-0.9672961768770194,43.14,45.99,44.93,43.0,52.1,20260430,eod_proxy,False
4,标准,688800.SH,瑞可达,8,105.0,13.6118,元器件,3.816188670274598,74.5449158923981,64.65687865033999,82.89473684210526,0.0,79.07495024015537,95.13960627941714,81.25000000000004,2.3714285714285577,2.706227583958265,涨幅>8%、承接稳、板块不退,破8%/回落大/板块弱/难成交,承接好、近高收、强均价,20260506,1.0,True,108.15,126.0,126.0,106.89,126.0,3.0000000000000027,19.999999999999996,19.999999999999996,1.8000000000000016,108.15,126.0,126.0,106.89,126.0,20260430,eod_proxy,False
5,标准,688387.SH,信科移动-U,11,19.58,8.1171,通信设备,3.455755147501082,69.59306971954481,63.255765122793335,82.89473684210526,0.0,96.70493363292438,84.35437152221968,89.99999999999994,1.0725229826353377,2.9442691903259766,涨幅>8%、承接稳、板块不退,破8%/回落大/板块弱/难成交,承接好、近高收、强均价,20260506,0.0,True,19.34,20.96,20.38,19.1,23.5,-1.2257405515832431,7.048008171603692,4.085801838610825,-2.451481103166475,19.34,20.96,20.38,19.1,23.5,20260430,eod_proxy,False
1,核心,688766.SH,普冉股份,2,318.52,17.496,半导体,4.513908228678522,86.03667726726005,71.9628735611384,83.57340473003124,5.706381079875047,91.15352339319266,94.83177548224167,85.4413892908827,1.5791787014944214,2.630307066063775,涨幅>8%、承接稳、板块不退,破8%/回落大/板块弱/难成交,强板块、承接好、近高收,20260507,0.0,True,318.0,321.59,319.0,308.88,382.22,-0.16325505462764234,0.9638327263594038,0.15069697350245104,-3.0264975511741787,318.0,321.59,319.0,308.88,382.22,20260506,eod_proxy,False
2,核心,688525.SH,佰维存储,1,311.12,17.3683,半导体,5.066459077031578,83.7154116070795,70.84458976376885,82.48477374063182,10.060905037472725,83.78779843288984,95.21539700401847,81.19402985074626,2.2274363589611657,2.525346837000342,涨幅>8%、承接稳、板块不退,破8%/回落大/板块弱/难成交,强板块、承接好、近高收,20260507,0.0,True,305.0,311.03,299.85,295.25,373.34,-1.9670866546670163,-0.02892774492158079,-3.622396502957048,-5.100925687837488,305.0,311.03,299.85,295.25,373.34,20260506,eod_proxy,False
3,标准,002759.SZ,天际股份,7,41.31,8.4537,电气设备,4.241316904016017,78.56144903171115,69.06416996435769,85.0,0.0,81.82838567287406,78.23544962301476,82.64705882352952,1.4282256112321479,1.8240078876016863,涨幅>8%、承接稳、板块不退,破8%/回落大/板块弱/难成交,强板块、承接好、近高收,20260507,0.0,True,40.5,40.76,38.79,38.18,45.44,-1.9607843137254943,-1.3313967562333717,-6.100217864923751,-7.5768579036552985,40.5,40.76,38.79,38.18,45.44,20260506,eod_proxy,False
4,标准,000960.SZ,锡业股份,11,38.46,9.1064,小金属,3.586080727426698,76.32959040595685,67.18777424728403,85.0,0.0,100.0,75.20096979367855,92.30769230769235,0.5720228809152239,2.142351274787524,涨幅>8%、承接稳、板块不退,破8%/回落大/板块弱/难成交,承接好、近高收、强均价,20260507,0.0,True,39.3,40.68,40.0,39.2,42.31,2.1840873634945357,5.7722308892355745,4.004160166406656,1.9240769630785248,39.3,40.68,40.0,39.2,42.31,20260506,eod_proxy,False
5,标准,603459.SH,红板科技,18,66.98,8.5048,元器件,3.031696937176854,75.89339248787138,64.59497468611981,85.0,0.0,73.17515039987914,73.35192316973283,81.45539906103303,1.1794565541952684,1.3517603147382484,涨幅>8%、承接稳、板块不退,破8%/回落大/板块弱/难成交,强板块、承接好、近高收,20260507,1.0,True,65.87,73.68,73.68,65.87,73.68,-1.657211107793366,10.002985965959986,10.002985965959986,-1.657211107793366,65.87,73.68,73.68,65.87,73.68,20260506,eod_proxy,False
1,核心,300657.SZ,弘信电子,1,40.53,10.1359,元器件,4.568283057036052,89.11633716262821,75.57988869300391,83.25531914893617,6.978723404255323,100.0,88.55072446391414,96.34146341463419,0.37009622501849027,3.2260803124204207,涨幅>8%、承接稳、板块不退,破8%/回落大/板块弱/难成交,强板块、承接好、近高收,20260508,0.0,True,40.47,41.65,39.71,39.6,48.64,-0.1480384900074072,2.763385146804831,-2.023192696767828,-2.2945965951147285,40.47,41.65,39.71,39.6,48.64,20260507,eod_proxy,False
2,核心,300679.SZ,电连技术,5,50.51,11.7973,元器件,3.936606691974731,84.63527260720878,69.68264370108189,82.0858750370151,11.656499851939579,82.91130659255401,92.64658642638645,85.09433962264151,1.5640467234210975,2.516744469251053,涨幅>8%、承接稳、板块不退,破8%/回落大/板块弱/难成交,强板块、承接好、近高收,20260508,0.0,True,50.0,51.47,50.5,49.15,60.61,-1.0097010492971625,1.900613739853485,-0.019798059790132605,-2.692536131459111,50.0,51.47,50.5,49.15,60.61,20260507,eod_proxy,False
3,标准,300398.SZ,飞凯材料,2,35.82,13.4621,化工原料,4.158213168207992,81.11356590251043,68.66412932313354,84.42494226327945,2.300230946882215,87.1819672502279,96.22596038958919,88.91966759002774,1.1166945840312525,2.6851409460105113,涨幅>8%、承接稳、板块不退,破8%/回落大/板块弱/难成交,承接好、近高收、强均价,20260508,0.0,True,35.0,36.49,35.27,34.98,42.98,-2.2892238972641032,1.8704634282523669,-1.535455053042989,-2.345058626465668,35.0,36.49,35.27,34.98,42.98,20260507,eod_proxy,False
4,标准,301018.SZ,申菱环境,8,136.68,14.3287,专用机械,3.528740634259585,76.4348889064537,63.62039905978744,81.97693574958814,12.092257001647466,99.36536768529284,97.19259164150053,93.80572501173161,0.9657594381035972,4.770421851444917,涨幅>8%、承接稳、板块不退,破8%/回落大/板块弱/难成交,承接好、近高收、强均价,20260508,0.0,True,135.0,137.2,135.7,133.3,164.02,-1.2291483757682187,0.3804506877377767,-0.7170032191981424,-2.4729294702955817,135.0,137.2,135.7,133.3,164.02,20260507,eod_proxy,False
5,标准,600105.SH,永鼎股份,3,47.52,8.7912,通信设备,4.117939414295712,68.18436363791436,60.88739859817934,81.32214331826985,14.7114267269206,88.00715354366562,67.7294625571972,88.57758620689668,1.1153198653198526,2.575910202906906,涨幅>8%、承接稳、板块不退,破8%/回落大/板块弱/难成交,承接好、近高收、强均价,20260508,0.0,True,46.09,50.49,49.94,45.92,52.27,-3.009259259259256,6.25,5.092592592592582,-3.367003367003374,46.09,50.49,49.94,45.92,52.27,20260507,eod_proxy,False
1,核心,688307.SH,中润光学,10,107.3,8.6912,元器件,3.1939827539987746,86.03827121625773,72.18621427832403,85.0,0.0,100.0,81.6222972557707,100.0,0.0,3.2591261949060035,涨幅>8%、承接稳、板块不退,破8%/回落大/板块弱/难成交,强板块、承接好、近高收,20260511,0.0,True,105.0,111.89,110.59,103.6,128.76,-2.143522833178002,4.277726001863935,3.066169617893766,-3.4482758620689724,105.0,111.89,110.59,103.6,128.76,20260508,eod_proxy,False
2,核心,300129.SZ,泰胜风能,8,12.73,9.5525,电气设备,3.2986510433969976,75.48926845434022,65.7143728353438,85.0,0.0,94.41780710620706,74.27268513427086,89.13043478260867,1.178318931657496,2.91026677445434,涨幅>8%、承接稳、板块不退,破8%/回落大/板块弱/难成交,承接好、近高收、强均价,20260511,0.0,True,12.95,12.96,12.43,12.27,15.28,1.728201099764326,1.806755695208162,-2.3566378633150142,-3.6135113904163463,12.95,12.96,12.43,12.27,15.28,20260508,eod_proxy,False
3,标准,300570.SZ,太辰光,2,162.1,8.0307,通信设备,4.348850326965936,74.1593077772456,65.03075379087,82.86325833846347,8.546966646146132,63.51906915476319,82.54116840369348,74.0070609002647,3.6335595311536073,2.2885027975263705,涨幅>8%、承接稳、板块不退,破8%/回落大/板块弱/难成交,强板块、强均价、低风险,20260511,0.0,True,163.62,183.37,178.8,161.0,194.52,0.9376927822331904,13.1215299198026,10.302282541640984,-0.6785934608266486,163.62,183.37,178.8,161.0,194.52,20260508,eod_proxy,False
4,标准,301387.SZ,光大同创,9,83.68,13.9589,元器件,3.2418399534276583,83.71907395063094,64.94689660836852,79.7930473654077,20.827810538369196,91.23232143802248,75.6911947630138,89.44000000000005,1.5774378585085902,4.088232855128959,涨幅>8%、承接稳、板块不退,破8%/回落大/板块弱/难成交,强板块、承接好、近高收,20260511,0.0,True,83.91,85.56,84.18,81.49,100.42,0.27485659655830386,2.246653919694075,0.597514340344163,-2.617112810707467,83.91,85.56,84.18,81.49,100.42,20260508,eod_proxy,False
5,标准,300671.SZ,富满微,4,53.8,11.7574,半导体,4.045716981692364,72.64247950200956,64.14275017804489,82.09111927104583,3.2144702842377173,81.23083332312287,90.64539689044368,81.01109741060412,2.86245353159853,3.2167295517042893,涨幅>8%、承接稳、板块不退,破8%/回落大/板块弱/难成交,承接好、近高收、强均价,20260511,0.0,True,53.82,54.16,53.24,52.18,64.56,0.03717472118960341,0.6691449814126393,-1.0408921933085402,-3.011152416356877,53.82,54.16,53.24,52.18,64.56,20260508,eod_proxy,False
1,核心,300661.SZ,圣邦股份,1,98.4,11.3122,半导体,4.699609969132584,77.1304555667113,68.85541835840145,85.0,0.0,80.34409738576883,91.95051725071009,84.11588411588421,1.6158536585365812,2.3684849325519286,涨幅>8%、承接稳、板块不退,破8%/回落大/板块弱/难成交,承接好、近高收、强均价,20260512,0.0,True,97.99,105.33,103.38,95.86,118.08,-0.4166666666666763,7.042682926829258,5.060975609756091,-2.581300813008136,97.99,105.33,103.38,95.86,118.08,20260511,eod_proxy,False
2,核心,688123.SH,聚辰股份,2,151.53,15.9816,半导体,4.547914717738084,80.26120400923928,68.74641963949581,85.0,0.0,81.52214875278536,87.80434660720842,84.96325607687962,1.75542796805912,2.7972502374383756,涨幅>8%、承接稳、板块不退,破8%/回落大/板块弱/难成交,承接好、近高收、强均价,20260512,0.0,True,150.0,165.87,158.7,148.8,181.84,-1.0097010492971736,9.463472579687181,4.73173628984358,-1.8016234409027887,150.0,165.87,158.7,148.8,181.84,20260511,eod_proxy,False
3,标准,300866.SZ,安克创新,23,129.1,8.0335,元器件,3.012539490662684,80.10048611172641,68.44530939305061,85.0,0.0,92.07604253929858,82.5,92.3515981735158,0.518977536793197,1.9532483942297452,涨幅>8%、承接稳、板块不退,破8%/回落大/板块弱/难成交,强板块、承接好、近高收,20260512,0.0,True,128.87,130.22,126.3,125.87,154.92,-0.17815646785437345,0.8675445391169712,-2.1688613477924057,-2.5019364833462343,128.87,130.22,126.3,125.87,154.92,20260511,eod_proxy,False
4,标准,688627.SH,精智达,21,344.28,14.76,专用机械,3.096139321456056,75.26781177724077,61.8249732080636,84.41547577553153,2.3380968978738697,64.50084413659516,96.41542934373214,76.42900424156733,3.3896828163123116,2.599660266025605,涨幅>8%、承接稳、板块不退,破8%/回落大/板块弱/难成交,近高收、强均价、低风险,20260512,0.0,True,338.0,357.8,355.14,333.0,413.14,-1.8240966655048152,3.927036133379813,3.1544092018124914,-3.27640292784942,338.0,357.8,355.14,333.0,413.14,20260511,eod_proxy,False
5,标准,301486.SZ,致尚科技,16,250.17,9.1064,元器件,3.5010305762719254,71.6208856763941,60.93252887457297,81.39816513761468,14.407339449541281,66.7966877325377,82.2410551610637,76.59574468085107,2.6382060199064528,2.0394012317983545,涨幅>8%、承接稳、板块不退,破8%/回落大/板块弱/难成交,强板块、承接好、近高收,20260512,0.0,True,249.9,254.0,232.78,221.0,300.2,-0.10792660990526226,1.5309589479154173,-6.951273134268687,-11.66007115161689,249.9,254.0,232.78,221.0,300.2,20260511,eod_proxy,False
1,核心,300001.SZ,特锐德,5,32.85,8.631,电气设备,3.4493745939747242,80.6907862297229,69.06451735239,85.0,0.0,81.69566208155176,83.84956106019499,84.66453674121416,1.4611872146118587,2.2515044615065483,涨幅>8%、承接稳、板块不退,破8%/回落大/板块弱/难成交,强板块、承接好、近高收,20260513,0.0,True,32.6,35.44,34.48,32.45,39.42,-0.7610350076103556,7.884322678843225,4.961948249619463,-1.21765601217656,32.6,35.44,34.48,32.45,39.42,20260512,eod_proxy,False
2,核心,688120.SH,华海清科,1,235.14,13.6546,半导体,4.106234647970252,79.74803060786344,68.6799308358804,85.0,0.0,96.68287094041904,92.5237993576618,91.79810725552046,1.2162966743216819,4.310408564626567,涨幅>8%、承接稳、板块不退,破8%/回落大/板块弱/难成交,承接好、近高收、强均价,20260513,0.0,True,225.0,256.6,250.71,223.89,282.17,-4.312324572595038,9.126477842987168,6.621587139576435,-4.784383771370249,225.0,256.6,250.71,223.89,282.17,20260512,eod_proxy,False
3,标准,300308.SZ,中际旭创,3,1017.99,8.2818,通信设备,3.8122520343035897,66.11977306473094,60.0571600276675,80.51636392357477,9.513491674121957,90.50018078154342,81.73079795911933,92.19395866454695,0.4823230090668762,1.7688085867859193,涨幅>8%、承接稳、板块不退,破8%/回落大/板块弱/难成交,承接好、近高收、强均价,20260513,0.0,True,999.68,1052.2,1049.2,991.12,1221.59,-1.79864242281359,3.360543816736916,3.0658454405249502,-2.6395151229383407,999.68,1052.2,1049.2,991.12,1221.59,20260512,eod_proxy,False
4,标准,603618.SH,杭电股份,2,40.45,8.445,电气设备,3.9672419713835434,70.20574330942159,58.23961765290778,76.95404722105327,32.18381111578692,79.32641646005256,59.50018954611712,84.45040214477218,1.4338689740420296,2.1636639164842597,涨幅>8%、承接稳、板块不退,破8%/回落大/板块弱/难成交,强板块、承接好、近高收,20260513,0.0,True,38.76,41.24,39.43,38.76,44.5,-4.177997527812128,1.953028430160697,-2.5216316440049513,-4.177997527812128,38.76,41.24,39.43,38.76,44.5,20260512,eod_proxy,False
5,标准,688037.SH,芯源微,4,273.74,15.7561,半导体,3.6043665242922103,65.77292884277826,53.68676585659037,77.87074716858096,28.51701132567615,76.02801350410161,81.15057597322922,80.08602150537637,3.3827719734054185,3.5273057334476166,涨幅>8%、承接稳、板块不退,破8%/回落大/板块弱/难成交,承接好、近高收、强均价,20260513,0.0,True,265.0,285.5,274.37,262.8,328.49,-3.1928106962811453,4.29604734419522,0.23014539343901852,-3.996493022576164,265.0,285.5,274.37,262.8,328.49,20260512,eod_proxy,False
1,核心,300870.SZ,欧陆通,5,440.0,11.5619,电气设备,3.88356228863891,90.2631153200179,74.68418276127875,83.97452229299363,4.101910828025473,98.15774888684717,93.18722341861059,93.33933393339336,0.8409090909090811,3.7858237999764066,涨幅>8%、承接稳、板块不退,破8%/回落大/板块弱/难成交,强板块、承接好、近高收,20260514,0.0,True,448.8,450.0,421.27,420.63,528.0,2.0000000000000018,2.2727272727272707,-4.25681818181819,-4.402272727272727,448.8,450.0,421.27,420.63,528.0,20260513,eod_proxy,False
2,核心,688676.SH,金盘科技,2,99.4,13.4185,电气设备,4.469954469383843,88.05830892897411,73.46295519329138,85.0,0.0,73.34864188591489,98.5580566963186,83.17307692307698,2.464788732394352,3.3478893740902516,涨幅>8%、承接稳、板块不退,破8%/回落大/板块弱/难成交,强板块、承接好、近高收,20260514,0.0,True,101.54,102.18,96.2,95.31,119.28,2.152917505030172,2.796780684104627,-3.2193158953722323,-4.114688128772636,101.54,102.18,96.2,95.31,119.28,20260513,eod_proxy,False
3,标准,300782.SZ,卓胜微,1,126.93,15.4959,半导体,4.9742723621142835,82.10427324997498,71.1348859358002,84.41091929567479,2.356322817300871,99.08394229327833,90.87973270804314,93.84685505925253,1.0635783502717988,5.321532291522613,涨幅>8%、承接稳、板块不退,破8%/回落大/板块弱/难成交,承接好、近高收、强均价,20260514,0.0,True,130.95,144.9,140.88,129.47,152.32,3.1670999763649066,14.157409595840221,10.99030961947529,2.001102970141022,130.95,144.9,140.88,129.47,152.32,20260513,eod_proxy,False
4,标准,300316.SZ,晶盛机电,7,53.99,12.7375,专用机械,3.8681567182563668,80.26476838320832,67.9619132425145,85.0,0.0,83.70051761729938,92.35620672895735,87.23118279569898,1.7595851083533898,3.541520168765566,涨幅>8%、承接稳、板块不退,破8%/回落大/板块弱/难成交,承接好、近高收、强均价,20260514,0.0,True,54.54,57.05,54.9,54.22,64.79,1.0187071679940596,5.667716243748844,1.6854973143174634,0.4260048157066043,54.54,57.05,54.9,54.22,64.79,20260513,eod_proxy,False
5,标准,300017.SZ,网宿科技,3,19.74,12.9291,软件服务,3.9650924625794275,76.73366333854642,66.20990519885966,82.89473684210526,0.0,88.08799504002043,97.06382107744139,90.72580645161288,1.1651469098277634,3.531468531468551,涨幅>8%、承接稳、板块不退,破8%/回落大/板块弱/难成交,承接好、近高收、强均价,20260514,0.0,True,19.94,20.04,18.7,18.68,23.69,1.0131712259372039,1.5197568389057725,-5.2684903748733465,-5.369807497467061,19.94,20.04,18.7,18.68,23.69,20260513,eod_proxy,False
1,核心,002245.SZ,蔚蓝锂芯,2,26.68,8.9424,电气设备,4.452920464368491,82.6637076895881,71.94753788386873,84.48066013408973,2.0773594636410566,87.90408191970198,80.67641624614578,81.94444444444436,0.9745127436281864,1.1627906976744207,涨幅>8%、承接稳、板块不退,破8%/回落大/板块弱/难成交,强板块、承接好、近高收,20260515,0.0,True,27.06,27.39,25.91,25.59,29.35,1.4242878560719596,2.6611694152923526,-2.8860569715142392,-4.085457271364312,27.06,27.39,25.91,25.59,29.35,20260514,eod_proxy,False
2,核心,300001.SZ,特锐德,3,37.29,8.1497,电气设备,3.9216721431296895,81.23368242879846,70.24567072122197,85.0,0.0,88.1230147415494,75.1047034944977,80.83333333333337,1.8503620273531807,2.024623803009562,涨幅>8%、承接稳、板块不退,破8%/回落大/板块弱/难成交,强板块、承接好、近高收,20260515,0.0,True,36.7,37.75,36.05,35.83,44.75,-1.5821936175918427,1.2335746849021278,-3.325288281040495,-3.9152587825154184,36.7,37.75,36.05,35.83,44.75,20260514,eod_proxy,False
3,标准,300782.SZ,卓胜微,1,140.88,10.9903,半导体,4.641188968587986,70.20364097914894,62.46632380048108,83.82834497295956,4.686620108161781,77.8705868020497,63.976446439411404,73.946856772521,2.8534923339011975,1.7796508127633892,涨幅>8%、承接稳、板块不退,破8%/回落大/板块弱/难成交,承接好、强均价、低风险,20260515,0.0,True,140.76,143.95,133.63,132.05,169.06,-0.08517887563884718,2.179159568427025,-5.1462237365133445,-6.267745599091413,140.76,143.95,133.63,132.05,169.06,20260514,eod_proxy,False
4,标准,300323.SZ,华灿光电,5,16.4,11.5646,半导体,3.0524977726654567,55.782924538432766,43.21377279629925,71.63177216012365,53.472911359505424,68.05158990847944,72.36324908305957,69.23076923076916,4.3902439024390505,1.8633540372670954,涨幅>8%、承接稳、板块不退,破8%/回落大/板块弱/难成交,承接好、强均价,20260515,0.0,True,16.29,17.88,17.63,15.3,19.68,-0.6707317073170738,9.024390243902447,7.499999999999996,-6.7073170731707155,16.29,17.88,17.63,15.3,19.68,20260514,eod_proxy,False
1,核心,300274.SZ,阳光电源,1,152.95,13.2711,电气设备,4.813688804378638,90.57299897981676,76.82558755608457,84.85234514481857,0.5906194207257286,94.92125771699918,96.02042839289123,87.82539046856219,1.9875776397515699,4.293572142922075,涨幅>8%、承接稳、板块不退,破8%/回落大/板块弱/难成交,强板块、承接好、近高收,20260518,0.0,True,152.9,155.33,152.25,148.01,183.54,-0.03269042170642722,1.5560640732265707,-0.4576659038901476,-3.2298136645962705,152.9,155.33,152.25,148.01,183.54,20260515,eod_proxy,False
2,核心,603667.SH,五洲新春,5,84.43,9.7206,机械基件,3.2275020698092307,74.00198351109279,64.74832582847607,82.89473684210526,0.0,98.44266345292088,85.25306536990186,97.4857142857143,0.2605708871254331,3.3921136419299502,涨幅>8%、承接稳、板块不退,破8%/回落大/板块弱/难成交,承接好、近高收、强均价,20260518,0.0,True,81.7,87.8,85.0,81.0,92.87,-3.2334478266019206,3.991472225512238,0.6751154802795201,-4.062537012910106,81.7,87.8,85.0,81.0,92.87,20260515,eod_proxy,False
3,标准,688535.SH,华海诚科,4,133.77,15.4882,半导体,3.4164725842158896,75.15905930882226,61.65345167628757,81.36168840075071,6.132193765418196,75.41362689797052,80.17474637170248,75.67441860465121,3.9096957464304305,2.8288108232761955,涨幅>8%、承接稳、板块不退,破8%/回落大/板块弱/难成交,承接好、近高收、强均价,20260518,0.0,True,136.17,148.0,137.32,132.83,160.52,1.7941242431038118,10.637661658069808,2.653808776257738,-0.7026986618823283,136.17,148.0,137.32,132.83,160.52,20260515,eod_proxy,False
4,标准,688700.SH,东威科技,7,77.0,14.8911,专用机械,3.10999901792129,74.86967616180726,60.833746606592285,82.28421442857142,10.863142285714307,73.44818324360968,95.95055830712276,74.28571428571426,4.441558441558446,2.876992963391811,涨幅>8%、承接稳、板块不退,破8%/回落大/板块弱/难成交,承接好、强均价、低风险,20260518,0.0,True,76.8,76.9,72.85,72.37,92.4,-0.2597402597402598,-0.12987012987012436,-5.3896103896104,-6.012987012987003,76.8,76.9,72.85,72.37,92.4,20260515,eod_proxy,False
5,标准,688017.SH,绿的谐波,6,305.5,15.283,机械基件,3.1463220628488213,71.75605406296877,57.94618025842454,78.28157916072406,18.45263072552479,86.30313042864928,87.0566352849369,82.0754716981132,3.109656301145658,3.8526912181302997,涨幅>8%、承接稳、板块不退,破8%/回落大/板块弱/难成交,承接好、近高收、强均价,20260518,0.0,True,300.0,331.76,322.88,297.36,366.6,-1.8003273322422242,8.59574468085107,5.689034369885437,-2.664484451718485,300.0,331.76,322.88,297.36,366.6,20260515,eod_proxy,False
1,核心,000636.SZ,风华高科,1,29.43,9.0,元器件,5.038369581293724,83.22745536844175,73.4725660313556,84.02471482889733,3.9011406844106546,91.86276327584211,70.3225967244412,90.78498293515361,0.917431192660545,2.7823050058207066,涨幅>8%、承接稳、板块不退,破8%/回落大/板块弱/难成交,强板块、承接好、近高收,20260519,1.0,True,29.6,32.37,32.37,29.03,32.37,0.5776418620455415,9.989806320081552,9.989806320081552,-1.3591573224600695,29.6,32.37,32.37,29.03,32.37,20260518,eod_proxy,False
2,核心,688183.SH,生益电子,3,106.14,8.7389,元器件,4.785719159590414,78.71885157972531,69.32009240577987,85.0,0.0,83.12912720282182,47.47915655442989,85.78767123287673,1.5639721123045014,2.696252338257099,涨幅>8%、承接稳、板块不退,破8%/回落大/板块弱/难成交,强板块、承接好、近高收,20260519,0.0,True,105.88,105.9,104.5,99.68,127.37,-0.24495948746938723,-0.22611644997173608,-1.5451290748068613,-6.086301111739212,105.88,105.9,104.5,99.68,127.37,20260518,eod_proxy,False
3,标准,002518.SZ,科士达,8,63.35,9.375,电气设备,3.608131820757951,78.02302414240027,67.65028273129732,85.0,0.0,94.5750273652356,77.93153724252244,93.10344827586208,0.5682715074980305,2.425222312045272,涨幅>8%、承接稳、板块不退,破8%/回落大/板块弱/难成交,承接好、近高收、强均价,20260519,0.0,True,63.33,64.62,64.47,60.5,69.69,-0.031570639305456005,2.0047355958958235,1.767955801104959,-4.498816101026049,63.33,64.62,64.47,60.5,69.69,20260518,eod_proxy,False
4,标准,300077.SZ,国民技术,6,27.64,11.004,半导体,4.283057356499456,73.5496110985058,66.16337768575416,82.89473684210526,0.0,90.40915489502069,90.62003249703946,92.83154121863801,0.723589001447178,2.9678380727679032,涨幅>8%、承接稳、板块不退,破8%/回落大/板块弱/难成交,承接好、近高收、强均价,20260519,0.0,True,26.97,28.5,28.39,26.13,33.17,-2.424023154848054,3.111432706222872,2.713458755426923,-5.463096960926195,26.97,28.5,28.39,26.13,33.17,20260518,eod_proxy,False
5,标准,688668.SH,鼎通科技,10,283.6,15.2939,通信设备,3.317519899784175,69.03754246342578,55.55734140788809,74.78833066378046,32.42562471329921,100.0,88.96206292862364,99.5633187772926,0.0705218617771397,5.6369505835609734,涨幅>8%、承接稳、板块不退,破8%/回落大/板块弱/难成交,承接好、近高收、强均价,20260519,0.0,True,281.0,291.98,279.98,274.0,340.32,-0.9167842031029716,2.95486600846262,-1.2764456981664285,-3.38504936530325,281.0,291.98,279.98,274.0,340.32,20260518,eod_proxy,False
1,核心,688629.SH,华丰科技,1,147.24,11.7147,元器件,5.44102909081179,93.00066575735283,79.91397547885806,85.0,0.0,97.14864921337914,92.99738708661008,96.29087359687657,0.5161640858462269,4.487285629804871,涨幅>8%、承接稳、板块不退,破8%/回落大/板块弱/难成交,强板块、承接好、近高收,20260520,0.0,True,145.99,149.07,146.35,144.11,176.69,-0.8489540885628921,1.2428687856560705,-0.6044553110567841,-2.125781037761476,145.99,149.07,146.35,144.11,176.69,20260519,eod_proxy,False
2,核心,688521.SH,芯原股份,2,299.91,15.5723,半导体,5.243405368008702,86.73163124168047,75.04233896624069,84.82543132339703,0.6982747064119224,100.0,97.99246208177581,97.73952716715061,0.36344236604313185,5.393058370134374,涨幅>8%、承接稳、板块不退,破8%/回落大/板块弱/难成交,承接好、近高收、强均价,20260520,0.0,True,295.0,299.8,294.79,291.01,359.89,-1.6371578140108811,-0.036677669967666304,-1.7071788203127602,-2.9675569337468066,295.0,299.8,294.79,291.01,359.89,20260519,eod_proxy,False
3,标准,002138.SZ,顺络电子,8,39.77,8.3947,元器件,4.404719877159206,86.1205057816245,74.98421417161683,85.0,0.0,95.21381549388617,85.27142379292157,94.91978609625676,0.47774704551168945,2.897800776196635,涨幅>8%、承接稳、板块不退,破8%/回落大/板块弱/难成交,强板块、承接好、近高收,20260520,0.0,True,41.25,41.25,39.83,38.72,43.75,3.7213980387226453,3.7213980387226453,0.15086748805630545,-2.6401810409856785,41.25,41.25,39.83,38.72,43.75,20260519,eod_proxy,False
4,标准,688099.SH,晶晨股份,3,122.3,12.099,半导体,4.890833169431671,80.62143041751756,69.42099257142215,81.86571393371935,12.537144265122578,96.38719620361664,95.24461676857591,94.07894736842101,0.7358953393295176,3.790664780763797,涨幅>8%、承接稳、板块不退,破8%/回落大/板块弱/难成交,承接好、近高收、强均价,20260520,0.0,True,120.67,122.22,119.18,115.0,146.76,-1.3327882256745638,-0.0654129190515107,-2.551103843008984,-5.968928863450529,120.67,122.22,119.18,115.0,146.76,20260519,eod_proxy,False
5,标准,300503.SZ,昊志机电,18,78.98,12.9415,机械基件,3.2504925045387947,72.91560599313154,61.7501131431785,83.97800248359056,4.087990065637763,90.53805767122142,98.2963361266475,91.29612109744559,1.164851861230698,3.825423951623508,涨幅>8%、承接稳、板块不退,破8%/回落大/板块弱/难成交,承接好、近高收、强均价,20260520,0.0,True,78.54,78.78,75.84,74.97,94.78,-0.557103064066844,-0.25322866548493916,-3.975690048113445,-5.077234742972914,78.54,78.78,75.84,74.97,94.78,20260519,eod_proxy,False
1,核心,688347.SH,华虹公司,1,177.8,18.7391,半导体,5.783848487726992,95.38312607538813,79.99550041603052,82.59209746932859,9.631610122685613,100.0,96.82764654943468,96.80511182108627,0.5624296962879693,5.812338821662366,涨幅>8%、承接稳、板块不退,破8%/回落大/板块弱/难成交,强板块、承接好、近高收,20260521,0.0,True,177.72,185.0,169.0,166.96,213.36,-0.04499437570304465,4.0494938132733305,-4.94938132733409,-6.096737907761529,177.72,185.0,169.0,166.96,213.36,20260520,eod_proxy,False
2,核心,688981.SH,中芯国际,2,133.81,12.6157,半导体,5.457196469916319,90.25019680129043,77.92341368996752,85.0,0.0,84.29548313552026,94.91704088193559,85.2587558808155,2.1074658097302024,3.477341856988203,涨幅>8%、承接稳、板块不退,破8%/回落大/板块弱/难成交,强板块、承接好、近高收,20260521,0.0,True,134.0,137.63,127.22,127.1,160.57,0.14199237725132097,2.854794111052983,-4.9248935057170655,-5.014572901875802,134.0,137.63,127.22,127.1,160.57,20260520,eod_proxy,False
3,标准,301018.SZ,申菱环境,12,163.22,13.0646,专用机械,3.4946135273920937,78.92097018336169,66.39629761186382,84.89829804898298,0.40680780406806893,92.36472361225225,85.2000555982915,89.89031950405338,1.2988604337703658,3.537521409088007,涨幅>8%、承接稳、板块不退,破8%/回落大/板块弱/难成交,承接好、近高收、强均价,20260521,0.0,True,163.19,168.88,154.5,153.0,195.86,-0.018380100477888295,3.4677122901605184,-5.342482538904547,-6.261487562798673,163.19,168.88,154.5,153.0,195.86,20260520,eod_proxy,False
4,标准,300316.SZ,晶盛机电,9,56.85,9.0961,专用机械,3.859954765312968,73.64813470264063,65.89598354163249,85.0,0.0,87.70305741745169,85.160957090319,87.9736408566722,1.2840809146877685,2.778112570808733,涨幅>8%、承接稳、板块不退,破8%/回落大/板块弱/难成交,承接好、近高收、强均价,20260521,0.0,True,57.0,57.26,52.41,52.13,68.04,0.26385224274405594,0.721196130167101,-7.810026385224278,-8.302550571679856,57.0,57.26,52.41,52.13,68.04,20260520,eod_proxy,False
5,标准,300568.SZ,星源材质,14,18.26,8.82,化工原料,3.1912240020552125,63.68133511555391,56.576207464157335,83.74972617743704,5.001095290251827,55.94426837282018,76.50521817666302,70.08547008547012,3.833515881708638,1.7459138187221335,涨幅>8%、承接稳、板块不退,破8%/回落大/板块弱/难成交,强均价、低风险,20260521,0.0,True,18.53,18.95,17.75,17.69,21.91,1.4786418400876133,3.7787513691128094,-2.7929901423877412,-3.1215772179627566,18.53,18.95,17.75,17.69,21.91,20260520,eod_proxy,False
1,核心,300476.SZ,胜宏科技,1,375.5,13.3072,元器件,5.671734171192632,93.65282358392946,80.62807279651899,85.0,0.0,98.20579808846392,88.61112043193621,100.0,0.0,2.685408007000656,涨幅>8%、承接稳、板块不退,破8%/回落大/板块弱/难成交,强板块、承接好、近高收,20260525,0.0,True,390.0,391.01,383.5,372.18,450.6,3.8615179760319585,4.130492676431419,2.130492676431417,-0.8841544607190444,390.0,391.01,383.5,372.18,450.6,20260522,eod_proxy,False
2,核心,301123.SZ,奕东电子,18,82.7,12.3641,元器件,3.6143909026906784,92.2096143438093,75.80315091755615,85.0,0.0,100.0,94.51957899055569,100.0,0.0,3.7814774533589945,涨幅>8%、承接稳、板块不退,破8%/回落大/板块弱/难成交,强板块、承接好、近高收,20260525,0.0,True,81.88,84.56,81.4,80.0,99.24,-0.9915356711003742,2.2490931076178944,-1.5719467956469169,-3.2648125755743718,81.88,84.56,81.4,80.0,99.24,20260522,eod_proxy,False
3,标准,301269.SZ,华大九天,10,108.69,11.798,半导体,3.9499573814385363,77.29915818025094,67.80702669286654,82.89473684210526,0.0,100.0,92.56495639118347,98.4426229508197,0.17480909007268064,3.761336515513114,涨幅>8%、承接稳、板块不退,破8%/回落大/板块弱/难成交,承接好、近高收、强均价,20260525,1.0,True,107.0,130.43,125.04,106.0,130.43,-1.5548808538043968,20.001840095684976,15.0427822246757,-2.4749286962922,107.0,130.43,125.04,106.0,130.43,20260522,eod_proxy,False
4,标准,300037.SZ,新宙邦,19,72.92,9.6047,化工原料,3.5811976833604575,77.20175090380587,67.19369082232471,85.0,0.0,92.33244349593627,87.25758752431935,93.10872894333839,0.6171146461876109,2.6415802561816637,涨幅>8%、承接稳、板块不退,破8%/回落大/板块弱/难成交,承接好、近高收、强均价,20260525,0.0,True,72.75,73.96,68.41,67.58,87.5,-0.2331321996708713,1.4262205156335694,-6.184860120680202,-7.323093801426229,72.75,73.96,68.41,67.58,87.5,20260522,eod_proxy,False
5,标准,688700.SH,东威科技,29,80.45,14.8138,专用机械,3.0892405275696913,76.38179324392145,63.88731703430473,85.0,0.0,88.45865420751696,97.61090495962199,90.13944223107573,1.2305779987569876,3.4549273436495387,涨幅>8%、承接稳、板块不退,破8%/回落大/板块弱/难成交,承接好、近高收、强均价,20260525,0.0,True,84.0,84.99,83.48,80.99,96.54,4.412678682411442,5.643256681168407,3.7663144810441196,0.6712243629583448,84.0,84.99,83.48,80.99,96.54,20260522,eod_proxy,False
